借阅日期,借阅次数,总操作数,涉及书籍数
2024-09-02,29,66,55
2024-09-03,27,51,49
2024-09-04,52,60,53
2024-09-05,39,48,44
2024-09-06,32,41,38
2024-09-09,19,24,23
2024-09-10,30,47,36
2024-09-11,19,32,32
2024-09-12,18,28,24
2024-09-13,33,41,39
2024-09-14,16,19,18
2024-09-19,21,35,33
2024-09-20,16,21,20
2024-09-23,18,25,24
2024-09-24,70,88,82
2024-09-25,35,93,81
2024-09-26,11,18,18
2024-09-27,4,11,11
2024-09-28,2,2,2
2024-09-29,6,14,13
2024-09-30,17,30,27
2024-10-01,6,6,6
2024-10-07,2,2,2
2024-10-08,15,38,37
2024-10-09,8,16,16
2024-10-10,22,34,28
2024-10-11,16,26,22
2024-10-12,19,29,23
2024-10-14,12,25,25
2024-10-15,16,33,28
2024-10-16,5,13,13
2024-10-17,20,33,23
2024-10-18,9,22,22
2024-10-21,6,15,15
2024-10-22,5,11,11
2024-10-23,12,22,21
2024-10-24,25,29,27
2024-10-25,12,20,20
2024-10-27,5,5,5
2024-10-28,12,28,22
2024-10-29,8,17,16
2024-10-30,10,15,14
2024-10-31,5,11,11
2024-11-01,7,15,15
2024-11-04,10,22,21
2024-11-05,12,19,15
2024-11-06,9,12,12
2024-11-07,28,49,39
2024-11-08,9,9,9
2024-11-11,14,33,32
2024-11-12,14,17,17
2024-11-13,23,29,28
2024-11-14,17,29,23
2024-11-15,14,18,17
2024-11-16,2,2,2
2024-11-18,7,13,13
2024-11-19,15,25,17
2024-11-20,22,27,27
2024-11-21,4,14,14
2024-11-22,15,26,25
2024-11-24,3,3,3
2024-11-25,15,31,28
2024-11-26,12,18,18
2024-11-27,7,13,11
2024-11-28,2,5,5
2024-11-29,9,16,15
2024-12-01,4,4,4
2024-12-02,12,25,25
2024-12-03,6,10,8
2024-12-04,2,7,7
2024-12-05,8,15,13
2024-12-06,7,12,11
2024-12-08,2,2,2
2024-12-09,25,34,34
2024-12-10,16,22,21
2024-12-11,6,12,12
2024-12-12,4,11,10
2024-12-13,3,9,8
2024-12-15,2,2,2
2024-12-16,7,14,12
2024-12-17,8,16,16
2024-12-18,6,15,14
2024-12-19,17,20,20
2024-12-20,15,20,15
2024-12-23,10,17,17
2024-12-24,5,18,15
2024-12-25,3,9,9
2024-12-26,5,14,14
2024-12-27,7,29,29
2024-12-30,0,2,2
2024-12-31,0,1,1
2025-01-02,5,24,23
2025-01-03,4,16,16
2025-01-06,5,14,13
2025-01-07,11,19,19
2025-01-08,26,49,38
2025-01-09,36,64,54
2025-01-10,56,133,101
2025-01-25,2,2,2
2025-02-01,1,1,1
2025-02-06,1,1,1
2025-02-17,35,78,71
2025-02-18,13,28,26
2025-02-19,6,15,14
2025-02-20,12,17,17
2025-02-21,5,11,11
2025-02-24,10,19,18
2025-02-25,6,10,9
2025-02-26,9,13,13
2025-02-27,20,27,22
2025-02-28,5,15,13
2025-03-03,8,22,21
2025-03-04,3,13,12
2025-03-05,2,6,6
2025-03-06,6,8,7
2025-03-07,7,10,10
2025-03-10,11,15,14
2025-03-11,8,19,16
2025-03-12,4,6,5
2025-03-13,17,32,27
2025-03-14,24,34,31
2025-03-17,10,15,12
2025-03-18,14,24,22
2025-03-19,18,27,19
2025-03-20,9,14,14
2025-03-21,8,10,9
2025-03-24,12,27,27
2025-03-25,4,17,17
2025-03-26,10,17,13
2025-03-27,7,10,10
2025-03-28,4,4,4
2025-03-30,1,1,1
2025-03-31,11,17,17
2025-04-01,3,7,7
2025-04-02,11,20,16
2025-04-03,14,20,19
2025-04-07,15,28,26
2025-04-08,5,11,11
2025-04-09,1,11,10
2025-04-10,3,10,10
2025-04-11,2,11,10
2025-04-14,5,13,11
2025-04-15,2,5,5
2025-04-16,10,14,14
2025-04-17,15,27,21
2025-04-18,6,12,11
2025-04-21,7,14,14
2025-04-22,3,12,12
2025-04-23,2,7,7
2025-04-24,8,19,19
2025-04-25,3,5,5
2025-04-27,9,18,18
2025-04-28,12,16,16
2025-04-29,2,5,5
2025-04-30,14,28,24
2025-05-02,1,1,1
2025-05-03,1,1,1
2025-05-04,1,1,1
2025-05-06,9,15,15
2025-05-07,9,19,13
2025-05-08,4,8,8
2025-05-09,3,12,11
2025-05-10,1,1,1
2025-05-12,6,11,10
2025-05-13,7,27,24
2025-05-14,2,7,7
2025-05-15,8,14,13
2025-05-16,11,30,26
2025-05-19,3,52,50
2025-05-20,3,16,16
2025-05-21,4,38,37
2025-05-22,17,42,35
2025-05-23,7,9,9
2025-05-26,2,4,4
2025-05-27,0,2,2
2025-05-28,8,10,10
2025-05-29,5,5,5
2025-05-30,6,18,16
2025-06-03,3,15,15
2025-06-04,5,20,16
2025-06-05,8,12,12
2025-06-06,3,38,37
2025-06-09,1,3,3
2025-06-10,1,5,5
2025-06-11,1,1,1
2025-06-12,3,4,3
2025-06-13,2,10,7
