书名,总借阅次数,条形码,首次借阅日期,最后借阅日期,总操作数
红与黑,11,200987218,2024-09-05,2025-03-13,18
美丽新世界,8,201056203,2024-09-04,2025-03-13,14
穆斯林的葬礼,7,200945111,2024-10-21,2025-05-22,11
叶卡捷琳娜大帝与波将金 ：全2册.1,6,201059166,2024-11-14,2025-04-17,9
云边有个小卖部,6,201053331,2024-09-04,2025-05-16,10
围城,6,201059237,2024-11-13,2025-06-03,8
普通化学原理,6,201601169,2024-09-10,2025-05-19,9
火的精神分析,6,200986086,2024-09-14,2025-03-13,10
戴维营三天,6,200948216,2024-09-24,2025-02-17,9
基督山伯爵:全2册-上册,6,200882526,2024-10-22,2025-06-13,10
额尔古纳河右岸 ,6,201022909,2024-10-08,2025-03-19,10
耶鲁大学公开课,5,200929585,2024-09-02,2025-03-20,9
第三帝国,5,200891348,2025-01-09,2025-04-17,7
量子经济学,5,200926169,2024-10-14,2025-05-22,7
呼啸山庄,5,201054713,2024-09-09,2025-05-28,10
契诃夫短篇小说集,5,200950612,2024-10-10,2025-01-02,8
素食者 ,5,200921592,2024-10-11,2025-04-03,9
"怪诞行为学. 2, 非理性的积极力量",5,200876016,2024-09-04,2025-06-12,7
界限之书,5,200885569,2024-09-14,2025-03-13,8
权力意志与永恒轮回,5,200882054,2024-09-14,2025-03-13,8
日军“慰安妇”研究,5,200814921,2024-10-28,2025-04-17,8
Ib Diploma Programme Physics 223 Edition Student Book,5,201315512,2024-11-18,2025-06-06,6
The woman in white,5,201325422,2024-11-15,2025-05-16,8
社会心理学,5,200965982,2025-04-18,2025-06-13,9
水与梦,5,201001502,2024-09-06,2025-03-13,7
鼠疫,5,200854520,2024-09-10,2025-06-06,8
霸王别姬,5,200944602,2024-09-05,2025-03-17,8
浮士德,5,200858571,2024-09-03,2025-01-10,9
沉默的羔羊,5,200820978,2024-09-23,2024-12-27,8
The Tree Book: The Inside Story of Our Greatest Species,4,201325949,2024-10-15,2025-02-17,6
窄门,4,200869872,2024-10-11,2024-12-18,8
粒子物理论,4,200938441,2024-09-12,2024-12-27,8
音乐心理学,4,200907956,2024-09-14,2025-03-20,6
北方以北 ,4,200871208,2024-09-06,2025-02-17,6
Dune,4,200694436,2024-09-24,2025-05-09,8
哈佛经济学笔记 ,4,201049490,2024-11-20,2025-04-02,5
叶卡捷琳娜大帝与波将金 ：全2册.2,4,201059175,2024-11-14,2025-04-17,7
魔山. 上,4,200862003,2024-11-19,2025-02-17,6
魔山. 下,4,200862012,2024-11-19,2025-02-17,6
力学,4,200981955,2024-09-25,2025-04-30,8
The Masque of the Red Death,4,200697157,2024-10-18,2025-02-28,7
杀死一只知更鸟,4,200820889,2024-09-03,2025-03-11,6
政治哲学与幸福根基,4,201011127,2024-12-20,2025-03-20,6
文学理论入门,4,200829755,2024-09-09,2025-04-08,8
Sex And The City,4,200688924,2024-09-13,2025-04-17,6
雨,4,200927328,2024-09-05,2025-06-06,6
倾城之恋,4,200847450,2024-09-02,2025-06-05,8
银河系搭车客指南.1,4,200883749,2024-09-03,2025-04-01,7
"思考,快与慢",4,200942533,2024-12-10,2025-06-04,8
落叶,4,200993951,2024-12-05,2025-05-22,6
我们生活在巨大的差距里,4,201617679,2024-10-25,2025-05-21,6
乌合之众,4,200860005,2024-09-03,2025-06-13,7
好好告别,4,200988663,2024-09-02,2025-03-21,6
局外人,4,200857260,2024-09-05,2025-05-21,9
当下的力量:白金版,4,201029779,2024-10-24,2025-03-03,6
普林斯顿微积分读本,4,200815314,2024-09-02,2024-11-27,7
万物归一,4,201049891,2024-09-09,2025-01-02,7
平面设计完全手册,4,200907082,2024-10-31,2025-05-13,6
三国演义.上,4,201027897,2024-10-15,2025-04-22,6
Line By Line: How To Edit Your Own Writing,4,201302562,2024-11-15,2025-02-24,7
时代的精神状况,4,200885051,2024-09-05,2025-03-13,7
Lord of the Flies,4,200694329,2024-11-22,2025-02-28,6
查拉图斯特拉如是说,4,200878504,2024-10-08,2025-04-30,6
Never let me go,4,201325583,2024-11-22,2025-02-28,6
A Thousand Splendid Suns,3,200696684,2025-03-14,2025-05-13,5
刀锋,3,200869569,2024-11-07,2025-05-21,6
鸿沟,3,200889547,2025-01-09,2025-02-27,4
鹿鼎记 .一,3,200850409,2024-11-04,2025-04-27,5
长夜难明,3,201058611,2024-09-26,2025-04-27,5
乡土中国,3,201008970,2024-09-04,2024-10-31,6
台北人,3,200978184,2024-09-06,2025-03-26,6
厌女简史 ：世界上最古老的偏见,3,201064702,2025-01-09,2025-04-17,5
原野,3,200975098,2024-09-12,2025-03-14,6
华氏451,3,200880537,2024-09-09,2024-10-21,4
Economics for the IB diploma. Coursebook,3,200664904,2024-09-03,2025-01-09,3
都柏林人,3,200861790,2024-11-05,2025-05-21,5
山海变.1指间错,3,201019183,2025-02-24,2025-04-30,5
小径分岔的花园,3,200887068,2024-09-27,2025-05-21,6
存在与时间,3,200977997,2024-10-30,2025-06-03,6
逻辑的引擎,3,200845979,2024-10-14,2025-04-17,4
在希腊,3,201014231,2024-11-13,2025-02-17,5
女书规范字书法字帖,3,201064668,2025-01-09,2025-04-17,5
谁动了我的奶酪?,3,200876436,2024-10-24,2025-03-14,6
临床精神药理学手册 ,3,200967971,2024-11-11,2024-12-04,5
国富论,3,200970832,2024-09-11,2025-01-10,7
我们为什么爱音乐 ,3,200925669,2024-11-14,2025-03-11,4
索姆河战役,3,200901783,2024-10-25,2024-11-15,5
罗马元老院与人民：一部古罗马史,3,200839673,2024-11-07,2025-03-17,6
维京传奇,3,200990776,2024-09-06,2024-12-12,5
悲伤即成长,3,201051681,2024-10-24,2025-03-14,5
悉达多,3,200979183,2024-09-23,2025-03-31,7
纳博科夫文学讲稿三种·唐吉坷德讲稿,3,200879022,2024-11-13,2025-05-21,6
小妇人,3,200858214,2024-09-05,2025-04-09,5
山海变.6水云乡,3,201019236,2025-03-21,2025-05-12,5
艺术哲学,3,200973535,2024-09-02,2025-01-10,6
舞台灯光设计概要,3,200954413,2024-09-19,2025-04-27,6
巨人的陨落I,3,200876506,2024-09-04,2024-12-02,6
彷徨,3,201020545,2024-11-15,2025-01-02,5
山海变.5旧时雨,3,201019227,2025-03-14,2025-05-08,5
Wordsworth Collectors Editions：Great Expectations,3,200694588,2024-09-03,2025-03-11,6
快乐的死,3,200878112,2024-09-12,2025-04-22,6
巨人的陨落II,3,200876524,2024-09-05,2024-12-20,5
天蓝色的彼岸,3,200178690,2024-09-11,2024-11-18,5
乌合之众:群体心理学,3,200958320,2024-09-02,2025-04-15,5
如何听爵士 ,3,200801677,2024-11-14,2025-03-11,4
论自由,3,200937709,2024-09-30,2025-03-18,4
解忧杂货店,3,200943541,2024-09-02,2025-02-17,6
财富、贫穷与政治,3,200816581,2024-09-02,2025-06-04,5
存在主义咖啡馆:自由、存在和杏子鸡尾酒,3,200817642,2024-11-14,2025-05-30,6
Disorder in the Court: Great Fractured Moments in Courtroom History,3,200690626,2024-10-12,2025-05-13,5
DK-Big Ideas：The Law Book,3,201322489,2024-09-02,2025-05-13,6
山海变.4奔掠火,3,201019218,2025-03-14,2025-05-06,5
存在与虚无,3,200854735,2024-10-08,2024-12-19,4
山海变.3星野乱,3,201019209,2025-02-24,2025-05-06,5
山海变.2绾青丝,3,201019192,2025-02-24,2025-05-06,5
The fellowship of the ring : being the first part of The lord of the rings,3,201323629,2024-11-20,2025-04-30,6
The Count of Monte Cristo,3,201323308,2024-09-06,2024-12-19,5
棋王树王孩子王 ,3,201042371,2024-09-29,2025-04-24,6
月亮和六便士,3,201018442,2024-09-13,2025-05-21,5
The Herb Book,3,201321872,2025-02-17,2025-04-30,4
社会学基本概念,3,201058602,2024-12-18,2025-04-22,5
生物学之书,3,200916492,2024-09-04,2024-11-12,5
时间简史,3,200997314,2024-10-17,2024-12-20,5
权力精英 ,3,200881082,2024-09-02,2025-02-17,6
The Adventure of the Blue Carbuncle,3,200695961,2024-09-06,2024-12-19,5
无依之地,3,201049187,2024-09-02,2025-02-17,6
IBDP中文A文学课程专题拓展论文及个人口头评论优秀范例点评,3,200192647,2025-02-17,2025-06-06,7
战争中没有女性,3,200847744,2025-01-10,2025-04-17,4
秘密,3,200945870,2024-09-05,2025-05-20,6
"The hobbit, or, There and back again",3,200690350,2025-01-10,2025-06-06,5
玻璃球游戏 ,3,200861754,2024-11-19,2025-02-17,5
王氏之死 : 大历史背后的小人物命运,3,200978308,2025-01-10,2025-05-23,5
Siddhartha,3,200659135,2024-09-02,2025-04-27,6
流俗地 ,3,200847361,2024-09-05,2025-05-19,5
Physics for Scientists and Engineers with Modern Physics Pearson New International Edition,3,200402661,2024-09-10,2025-06-04,5
Physics: Principles with Applications,3,200035648,2024-09-23,2025-06-06,4
汪曾祺小说集. 鸡鸭名家 ,3,200936817,2025-04-11,2025-06-05,4
法律,3,201011699,2024-09-02,2025-02-17,6
沉默的大多数,3,200847192,2024-09-19,2025-06-03,5
Mathematics: Analysis and Approaches HL,3,200404179,2024-10-21,2025-03-17,4
洛丽塔,3,200877738,2024-12-16,2025-04-01,5
信使,3,200814379,2024-11-19,2024-12-24,5
牛奶可乐经济学 2,3,200989243,2024-09-04,2024-11-07,5
牛虻,3,200877462,2024-11-05,2025-03-10,6
Normal people : a novel,3,201307040,2024-09-19,2025-02-01,4
深度学习 ,3,201033274,2024-09-12,2025-01-07,5
音乐和数学：谜一般的关系,3,200989779,2024-09-14,2025-03-11,5
Bantam Classics：Wuthering Heights,3,200696675,2024-09-10,2025-05-19,6
阿莱夫,3,200860238,2024-10-25,2025-01-09,5
鸟类的崛起 : 2.25亿年的进化,2,201005955,2025-04-14,2025-04-18,3
陈阅增普通生物学 ,2,201021731,2024-10-11,2024-12-09,4
雪山飞狐,2,201050593,2025-04-27,2025-05-21,2
Babel-17/Empire Star,2,201306684,2024-09-14,2024-09-29,4
霍比特人:精装插图本,2,200916063,2024-09-06,2024-11-07,3
青之炎,2,200877729,2024-09-10,2024-09-10,3
青梅竹马,2,200959445,2024-09-10,2024-09-10,3
银河系搭车客指南.2,2,200883767,2024-12-18,2025-03-18,3
北欧神话 ,2,200925927,2025-03-27,2025-06-03,3
助推：如何做出有关健康、财富与幸福的最佳决策,2,200868515,2025-02-18,2025-04-02,3
受戒,2,200997653,2025-02-27,2025-02-27,3
叔本华思想随笔,2,200912085,2024-11-01,2024-12-27,3
Educated: A Memoir,2,201304356,2025-02-27,2025-04-30,3
Educated : a memoir,2,200659037,2024-09-25,2024-11-22,3
那个特别的疯子,2,201034219,2024-09-06,2025-01-02,3
遮蔽的天空,2,200870744,2024-10-08,2025-02-27,4
长安的荔枝,2,200841063,2025-02-26,2025-05-12,4
长安十二时辰 下,2,200831751,2025-02-20,2025-03-10,4
长安十二时辰 上,2,200942560,2025-02-17,2025-03-06,4
Amusing Ourselves to Death[娱乐至死],2,201407655,2024-10-11,2025-04-01,4
Chiltern Classic：Northanger Abbey,2,200687729,2025-04-08,2025-06-06,3
Campbell Essential Biology (6th Edition),2,200032035,2024-10-29,2024-11-07,3
镜头的语法 :插图修订第2版,2,201058201,2025-03-03,2025-05-16,3
镜与灯 ,2,200974712,2025-04-23,2025-05-16,2
Penguin Vitae: The Age of Innocence,2,201307709,2025-03-24,2025-05-16,4
武曌,2,200825651,2024-11-07,2024-11-14,3
欧洲的黄昏,2,200973358,2024-10-12,2024-11-05,3
洞穴奇案,2,200850864,2024-09-05,2024-11-19,3
江城 ,2,200858330,2024-09-09,2024-10-31,3
Physics for the IB Diploma Coursebook with Digital Access (2 Years),2,201502800,2024-11-26,2025-02-18,3
Philosophy of Science: Very Short Introduction,2,201301938,2024-10-21,2024-11-04,2
Signet Classics: Wuthering Heights,2,201306719,2024-10-24,2024-12-09,3
Signet Classics: The Age of Innocence,2,200699770,2024-11-13,2025-03-25,4
Signet Classics: Tales From Shakespeare,2,200697460,2024-12-04,2025-01-10,3
海上钢琴师,2,200874081,2024-09-20,2025-05-07,4
活下去的理由 ,2,200926613,2024-09-19,2024-10-15,3
爱伦·坡短篇小说全集. 下,2,200831626,2024-12-27,2025-03-13,3
灿烂千阳,2,200919792,2024-11-01,2025-03-18,3
漫长的余生 : 一个北魏宫女和她的时代,2,200869337,2024-09-10,2024-11-01,3
深度学习：智能时代的核心驱动力量,2,200876203,2024-10-14,2024-12-13,3
毕业,2,200938708,2024-10-08,2024-11-21,4
Signet Classics: Jane Eyre,2,200698496,2024-09-11,2024-12-06,4
The Black Swan,2,201301643,2025-05-22,2025-05-30,3
The Birth of Classical Europe: A History from Troy to Augustine,2,201322069,2024-11-21,2025-01-10,3
The Bell Jar,2,201318591,2024-10-31,2025-02-17,4
牛奶可乐经济学,2,200815378,2024-09-02,2024-11-04,4
爱的设计,2,200973198,2024-12-05,2025-02-24,4
现代拉丁美洲文学,2,200829915,2024-09-27,2024-12-24,4
现代建筑年鉴,2,200970869,2025-02-27,2025-06-06,3
猫和狗的生活哲学,2,200872458,2024-10-24,2024-12-26,4
生命简史,2,201044360,2024-09-24,2025-06-06,4
瓦尔登湖,2,200882982,2025-01-09,2025-05-19,4
现代艺术,2,200893792,2024-09-11,2024-09-25,4
直到时间的尽头,2,200869177,2024-12-03,2025-06-05,3
白夜行,2,201059148,2025-01-10,2025-04-21,4
Lost in translation : an illustrated compendium of untranslatable words from around the world,2,201326154,2025-01-10,2025-02-28,3
The A.B.C. murders,2,201323317,2024-11-07,2024-12-27,3
Penguin Classics Deluxe Edition: Dracula,2,201307745,2024-11-21,2025-03-07,3
Pearson Chemistry for the IB Diploma SL,2,201314755,2024-10-18,2025-01-03,4
Paper Towns,2,200687355,2025-03-10,2025-05-12,3
电车难题,2,200847637,2024-09-04,2024-09-05,3
祝勇文学笔记,2,200961129,2025-03-18,2025-04-23,3
社交媒体简史：从莎草纸到互联网,2,200865091,2024-10-10,2025-02-19,4
科学哲学,2,201011868,2024-09-11,2025-06-09,4
科学发现的逻辑 ,2,200895120,2024-09-24,2025-02-17,3
秋园 ,2,200875142,2025-02-27,2025-04-10,3
福柯,2,201004554,2024-10-16,2025-02-27,4
Kim,2,201313621,2025-05-30,2025-05-30,2
欢乐的葬礼,2,200923581,2025-03-12,2025-03-17,3
梦的解析,2,200969746,2025-01-08,2025-04-17,3
树犹如此,2,200980073,2024-12-10,2025-03-24,4
林家铺子,2,201022151,2024-10-12,2024-12-25,3
改变心理学的4项研究 ,2,200896879,2024-09-04,2024-09-25,4
文学批评入门,2,200949055,2024-11-07,2025-04-16,3
数理化通俗演义 下,2,200904628,2024-09-25,2025-01-10,4
数理化通俗演义 上,2,200904600,2024-09-25,2025-01-10,4
数学简史,2,200864902,2024-09-11,2024-09-25,4
数学建模教学案例精选,2,201047214,2025-03-31,2025-05-16,3
无人生还,2,200836195,2024-09-13,2024-11-06,3
The Complete Yes Prime Minister: The Diaries of ...,2,200415504,2024-11-08,2024-12-10,3
The Picture of Dorian Gray,2,201301858,2024-11-07,2025-02-27,3
The Offing,2,200691581,2025-03-10,2025-04-08,3
The O. Henry Prize Stories 1th Anniversary Edition (219),2,201306470,2025-01-09,2025-02-28,3
斯宾诺莎与表现问题,2,201000521,2024-12-25,2025-05-21,4
星空故事：88站夜空漫游指南,2,200870307,2024-10-30,2024-11-25,3
日本近代思想史,2,200807733,2024-09-02,2025-01-09,4
机器学习实战 : 基于Scikit-Learn、Keras和TensorFlow,2,200988985,2024-09-03,2025-05-19,4
The Art of Racing in the Rain Intl,2,201323086,2025-03-20,2025-04-09,4
Little Book of Politics,2,201319563,2024-10-10,2025-03-24,4
The Sound and the Fury,2,200693776,2025-04-02,2025-06-10,3
Watching the English: The International Bestseller Revised and Updated,2,200696513,2025-03-18,2025-05-13,3
Unraveller,2,200613078,2024-11-28,2025-02-26,3
Treasure Island,2,201303320,2024-09-09,2025-05-27,4
拍电影时我在想的事 ,2,200935621,2024-09-10,2024-09-10,3
拉丁美洲史,2,201005125,2024-11-22,2025-03-24,4
抑郁躯体化的跨文化研究,2,200901916,2024-10-12,2024-10-14,3
抑郁、焦虑和药物的那些事,2,200989216,2024-10-12,2024-11-22,4
"技术的本质:技术是什么,他是如何进化的",2,200991837,2024-09-25,2024-09-25,4
数学 ,2,201011957,2024-09-24,2024-09-25,4
效率崇拜 ,2,201053527,2025-04-30,2025-06-04,3
故事新编,2,200985988,2024-11-15,2025-01-02,3
The Martian : a novel,2,201325618,2025-02-18,2025-03-03,4
The hobbit,2,201324156,2024-09-05,2025-04-07,4
政治的历史与边界 ,2,201011813,2024-12-20,2025-02-17,3
惜别,2,200923153,2024-09-10,2024-09-10,2
我的心迟到了：佩索阿情诗,2,200986923,2024-09-23,2024-11-18,4
摩根财团,2,200865929,2024-09-10,2024-11-11,3
摆脱内心的白熊,2,201050824,2024-10-12,2024-10-16,3
拜占庭的新生,2,200822440,2024-09-29,2025-03-03,4
The complete Persepolis,2,201501142,2024-09-13,2025-06-06,3
Never Let Me Go,2,200689433,2024-10-10,2025-02-17,3
"Mythology: Timeless Tales of Gods and Heroes, 75th Anniversary Illustrated Edition",2,200689834,2024-09-25,2024-11-25,3
神雕侠侣 .3,2,201051128,2024-09-30,2024-12-25,3
神雕侠侣 .2,2,201051119,2024-09-30,2024-12-25,3
神经科学原理. 第5版. 下册,2,200996217,2025-01-08,2025-02-20,3
科学的历程,2,201031178,2024-09-24,2024-09-30,4
精英的傲慢,2,201031784,2024-09-26,2024-11-29,3
精神分析的技术与实践,2,200988976,2024-11-22,2025-05-28,3
精准表达,2,200927177,2025-01-10,2025-03-03,3
I Know This to Be True: Ruth Bader Ginsburg ( I Know This to Be True ),2,200699510,2024-10-28,2025-03-18,4
微积分的计算：数理经济学与统计经济学辅助教程 ,2,200987021,2024-09-30,2025-02-24,4
微积分和数学分析引论. 第一卷. 第二分册,2,200907000,2024-09-04,2024-12-31,4
physics workbook with CD-ROM,2,200035746,2025-03-27,2025-05-22,2
never let me go,2,200686686,2024-10-10,2024-10-30,3
第二性,2,200886461,2025-03-03,2025-05-30,3
第三个女郎,2,200836532,2024-09-19,2024-12-18,3
第一哲学沉思录,2,201053233,2024-09-04,2025-04-21,4
细雪,2,200945978,2024-09-13,2025-01-08,4
纯真告别,2,200870511,2025-05-14,2025-05-22,3
红楼梦:上,2,200809198,2025-03-10,2025-04-24,3
经验主义 ,2,201039250,2025-03-19,2025-03-20,3
性学三论,2,200833811,2024-10-10,2024-11-04,2
思考就是我的抵抗,2,200802266,2024-09-05,2024-11-01,3
我与地坛:插图版,2,200945594,2024-12-05,2025-06-03,4
惶然录,2,200879308,2024-12-23,2025-02-17,3
想象,2,200859641,2024-10-16,2024-12-27,4
脑髓地狱,2,200964108,2024-09-10,2024-09-10,3
不能承受的生命之轻,2,200881698,2024-12-13,2025-04-25,3
巨人的文明,2,201044262,2025-03-06,2025-06-06,3
山音,2,200992676,2024-09-10,2024-09-10,3
平面犬,2,200997591,2024-09-04,2025-01-07,4
平面国：多维空间传奇往事,2,200979281,2024-09-24,2024-10-22,4
平原上的摩西,2,200864788,2024-10-23,2024-11-04,2
希望之线,2,200975141,2024-12-02,2025-04-23,4
弗吉尼亚·伍尔夫传,2,201065943,2025-05-28,2025-05-30,2
Word Cloud Classics: The Age Of Innocence,2,201308940,2024-11-13,2025-03-14,4
一战史 ,2,200972117,2024-09-04,2025-01-09,5
建筑课,2,200806654,2024-09-06,2024-10-21,3
建筑师的1堂必修课,2,200988850,2024-12-20,2025-04-28,4
康德 ,2,200856207,2024-10-30,2024-12-24,3
心理神探:我与FBI心理画像术,2,200884070,2024-09-30,2024-10-29,3
心理学之书,2,201007846,2024-09-25,2024-10-08,4
寻求平衡,2,200953628,2024-10-24,2024-12-16,3
巴黎圣母院,2,200810186,2024-09-02,2024-09-02,2
巨流河,2,200853362,2025-04-07,2025-04-11,4
一个人暖呼呼,2,201058568,2024-11-05,2025-01-02,3
“错误”的行为,2,201031365,2025-02-18,2025-04-02,3
Grammar 101,2,201322336,2025-01-10,2025-02-28,3
Getting Lost,2,200692633,2024-09-02,2025-02-21,4
美国监狱 ,2,200863075,2024-09-05,2024-09-24,3
羊脂球,2,200968916,2025-02-27,2025-03-17,3
罪与罚,2,200878639,2024-10-15,2025-01-09,4
艺术史导论 ,2,201010208,2024-09-11,2024-09-25,4
自然地理学,2,201047232,2025-03-06,2025-04-02,3
自然哲学之数学原理 ,2,200981893,2024-09-24,2024-09-26,4
自我的探寻,2,200871814,2025-06-12,2025-06-12,2
自卑与超越,2,200988048,2024-11-12,2025-02-27,3
腓特烈大王 ,2,200835329,2024-11-07,2024-11-14,3
审判 ,2,200971092,2025-03-31,2025-05-23,3
三国演义. 上,2,200966598,2024-11-20,2024-12-19,2
东方快车谋杀案,2,200889878,2024-09-10,2024-12-17,4
存在主义是一种人道主义,2,200859598,2024-11-25,2025-03-13,3
存在主义心理学的邀请,2,200868677,2024-09-25,2024-11-22,3
西南联大诗词课,2,200826106,2024-09-02,2025-01-10,4
Elon Musk: How the Billionaire CEO of SpaceX and ...,2,201320089,2024-10-24,2025-05-19,4
Great Expectations,2,201300635,2024-09-11,2024-12-06,4
规训与惩罚,2,201043922,2024-10-16,2025-03-19,4
西西弗神话:散论荒诞,2,200859981,2024-12-05,2025-01-06,3
财政学 ,2,201052500,2024-11-20,2024-12-19,2
豆腐,2,200805986,2025-04-30,2025-04-30,2
DK-Big Ideas：The Crime Book,2,201314185,2025-01-10,2025-02-28,3
Freakonomics,2,201323031,2024-09-04,2024-12-27,4
Folger Shakespeare Library：The Merchant of Venice,2,201301812,2025-05-20,2025-06-09,2
小岛经济学,2,200875687,2024-09-02,2025-02-17,4
人人都该懂的工程学,2,200991267,2024-09-09,2024-12-27,4
"在春天,去看一个人",2,200888245,2024-10-10,2024-11-27,4
夜莺与玫瑰,2,201046796,2024-10-15,2025-04-27,4
夜莺,2,200865395,2024-09-24,2024-12-25,3
夏日终曲,2,200916768,2024-11-15,2025-05-19,4
复杂的引擎,2,200846237,2024-10-14,2024-12-13,3
天生有罪 ,2,200993096,2024-09-13,2025-05-21,4
天堂,2,200802417,2025-04-27,2025-05-21,2
"大秦帝国·第三部, 金戈铁马. 上卷",2,200917482,2024-11-07,2024-12-02,3
女孩儿们,2,200923572,2025-03-17,2025-03-17,2
世界上最简单的会计书 ,2,201041158,2024-11-20,2024-12-19,2
为什么伟大不能被计划,2,201602159,2025-02-17,2025-05-30,4
失落的一代：中国的上山下乡运动(1968~198),2,200822191,2024-09-04,2024-11-01,3
如何阅读达尔文,2,201057462,2024-10-15,2024-12-12,3
如何写影评（插图修订第8版）,2,200928318,2025-03-03,2025-05-16,3
密室收藏家,2,200870085,2024-11-15,2025-01-02,4
基因：不平等的遗传,2,200875963,2024-10-28,2025-01-09,4
基因论,2,200983588,2024-11-11,2025-06-06,4
地狱之行:1914-1949,2,200873288,2024-09-04,2025-02-17,5
Flipped,2,201302508,2025-03-10,2025-05-19,4
诺曼底登陆,2,200911255,2025-05-07,2025-06-06,3
这就是社会学,2,200895905,2024-12-17,2025-06-05,3
达·芬奇密码,2,201018665,2024-09-10,2025-05-08,5
边城,2,200909892,2025-02-21,2025-04-09,4
逻辑学是什么,2,200847520,2024-09-25,2024-11-11,4
逻辑哲学论,2,201039571,2024-09-19,2024-11-29,3
通往奴役之路 ,2,201006115,2025-03-17,2025-05-30,4
透过佛法看世界:给寻找答案的人,2,201034781,2024-11-01,2024-12-23,3
远大前程,2,200862254,2025-04-08,2025-06-06,3
这才是最好读的数学史 ,2,200886103,2024-09-11,2024-09-26,4
Born a crime : stories from a South African childhood,2,201322087,2024-10-18,2025-01-08,3
Biology Option A: Neurobiology and Behaviour SL&HL,2,200405043,2024-09-05,2024-10-23,3
反抗者,2,200859865,2024-10-08,2025-04-03,3
人工智能简史 ,2,201036556,2024-10-14,2024-12-13,3
人工智能基础实验教程,2,200939609,2024-09-12,2024-11-21,3
历史哲学,2,200920290,2024-09-24,2025-06-04,3
云彩收集者手册 ,2,200895059,2024-09-09,2024-11-01,3
习近平新时代中国特色社会主义思想学习问答 ,2,200813361,2024-11-27,2025-01-02,4
人生最美是清欢,2,200942659,2024-09-05,2024-10-17,3
人生无真相,2,200923411,2024-10-24,2024-11-28,3
另一个，同一个,2,200860390,2024-10-29,2024-11-26,3
古今数学思想·第一册,2,201041121,2024-09-24,2024-11-07,4
哲学小史,2,200869364,2024-11-07,2025-01-02,3
哲学家们都干了些什么,2,200865297,2024-11-25,2025-03-13,3
图解行为经济学中的思维陷阱,2,200922369,2025-01-09,2025-02-17,4
四书五经.1,2,200817759,2024-10-15,2025-06-06,3
器官之书,2,200941945,2025-01-09,2025-02-17,3
基督山伯爵 （上）,2,200858508,2024-09-13,2025-06-06,4
错乱,2,200806262,2024-09-05,2024-10-17,4
香港重庆大厦,2,200976051,2024-09-03,2024-12-25,3
鲜活的语言,2,200907830,2024-09-24,2025-05-22,4
鲁迅全集·第一卷,2,201039688,2024-10-08,2025-01-08,4
鱼没有脚,2,200922797,2024-09-06,2024-11-11,3
黑塞童话集,2,200881867,2024-09-03,2025-05-07,4
ALMA Junior Classics:The Canterville Ghost and Other Stories(Secondary-school 12+),2,200690840,2025-02-27,2025-02-27,2
"A tree grows in Brooklyn, : a novel",2,201323291,2024-11-13,2025-03-05,4
剪辑的语法 :插图修订第2版,2,201057989,2025-03-03,2025-05-16,3
剑桥艺术史·下,2,200827445,2024-09-24,2024-12-05,4
剑桥艺术史·上,2,200827436,2024-10-24,2024-12-23,4
制造宠物,2,200801356,2024-10-30,2025-01-09,3
制造东京,2,200936434,2025-01-06,2025-01-10,4
凯恩斯以后,2,200922001,2025-05-21,2025-05-21,2
凯恩斯 ,2,201039465,2024-11-12,2025-02-27,3
博弈与社会,2,201006990,2024-12-17,2025-04-02,4
牛奶可乐经济学3,2,200990400,2024-09-05,2025-02-18,4
Orlando,2,201324673,2025-03-31,2025-05-16,3
Python编程 ：从入门到实践,2,201035842,2024-10-11,2024-12-24,3
作为意志和表象的世界,2,200868178,2025-02-17,2025-04-21,4
体内火焰,2,200977176,2025-01-07,2025-02-18,3
写给大家的平面设计手册,2,200953110,2025-04-07,2025-04-27,3
关于女儿,2,200800696,2024-10-23,2025-03-19,4
克里斯特汀,2,200945558,2025-05-22,2025-05-22,2
从夸克到宇宙 ,2,200873206,2024-09-20,2024-11-04,4
从你的全世界路过,2,201049579,2024-09-06,2025-05-21,4
从“童怀周”到审江青,2,200879923,2024-10-28,2025-01-09,3
"做中学电子电路, 电路基础 ",2,200917080,2024-12-27,2025-03-21,4
克莱因壶,2,201003350,2024-11-15,2024-12-16,3
克林格梭尔的最后夏天,2,200860149,2025-05-22,2025-05-22,2
助推快与慢：人类动因与行为经济学,2,200933035,2025-04-30,2025-06-04,3
动物农场,2,200887004,2024-09-04,2024-09-24,3
3年人类迁徙史,1,200937442,2024-11-21,2024-11-21,1
（PEL) Heart of Darkness,1,200692456,2024-10-17,2024-12-11,2
(PBC)A Treatise of Human Nature,1,201313426,2024-11-25,2024-12-27,2
(PBC)Essays and Letters,1,201313293,2024-11-20,2024-11-25,2
(PMC)The Trial,1,201301992,2024-11-07,2024-11-11,2
1453君士坦丁堡之战,1,200822887,2025-02-17,2025-04-09,2
1844年经济学哲学手搞,1,200861273,2025-02-18,2025-02-25,2
1973年的弹子球,1,200882161,2025-03-04,2025-03-04,2
魏玛德国：希望与悲剧,1,201013973,2025-02-17,2025-03-18,2
鬼谷子,1,200812353,2024-11-12,2024-12-02,2
Bantam Classics：Jane Eyre,1,200694515,2024-12-16,2025-01-10,2
Bantam Classics：King Lear,1,201301420,2024-12-16,2025-01-10,2
Bantam Classics：Pride And Prejudice,1,200694490,2024-11-11,2024-12-27,2
Barron's巴朗SAT 16 专著 = Barron's SAT 16,1,200418039,2025-02-17,2025-02-17,1
Before I Fall,1,200688096,2024-12-09,2025-01-10,2
飘:精装版,1,200902853,2024-09-13,2024-09-19,2
飘·上,1,200820816,2025-03-11,2025-03-31,2
飘·下,1,200820825,2025-03-31,2025-04-14,2
食南之徒,1,201057257,2025-03-11,2025-04-11,2
饥饿的盛世 : 乾隆时代的得与失,1,200989626,2024-12-23,2025-04-11,2
非道德的政治,1,201028253,2025-04-21,2025-04-30,2
面包与自由 ,1,200843800,2024-11-19,2024-11-19,1
面纱,1,200868052,2025-02-26,2025-03-05,2
革命的年代:1789-1848,1,200821389,2024-10-18,2025-06-06,2
铁壁之围：一战中的德国和奥匈帝国,1,200838442,2024-09-04,2024-09-11,2
"银河帝国.1,基地",1,200875534,2024-09-10,2025-01-03,3
假面山庄,1,200994665,2025-01-07,2025-02-20,2
做一杯美味咖啡,1,200541388,2024-12-19,2025-03-25,2
做哲学,1,200841081,2024-11-18,2025-03-19,2
健身营养全书: 关于力量与肌肉的营养策略,1,200908599,2024-09-06,2024-09-24,2
从俾斯麦到希特勒,1,200820781,2025-02-17,2025-03-18,2
从到1:开启商业与未来的秘密,1,201034665,2024-10-31,2024-12-02,2
从动力学到统计物理学 ,1,201010770,2024-09-19,2025-01-03,2
从零开始读懂物理学,1,200973651,2024-12-20,2025-01-09,2
全球通史 ,1,200978932,2024-09-24,2024-09-30,2
公寓,1,201029403,2025-03-25,2025-04-02,2
共产党宣言,1,200861282,2024-10-08,2024-10-14,2
共情的力量 ,1,200935961,2024-09-10,2024-10-11,2
农场,1,201047704,2024-10-08,2024-11-07,2
冰火传奇,1,201002271,2024-09-06,2024-10-15,2
低欲望社会,1,200880458,2025-04-18,2025-06-05,2
佛系,1,200864449,2024-09-03,2024-10-12,2
千羽鹤.4,1,200804647,2024-11-29,2024-12-17,2
华丽食物志,1,201053386,2024-09-02,2024-09-03,2
卡夫卡小说全集. 变形记,1,200856635,2024-10-25,2024-10-25,1
印度,1,200879629,2024-11-05,2024-11-11,2
净化基因,1,201031070,2024-11-05,2024-11-14,2
凡尔登战役,1,200839600,2024-10-18,2024-11-28,2
出发吧！了不起的身体旅行 .2,1,201065818,2025-03-27,2025-04-10,2
剧变 ,1,200874321,2024-12-23,2025-04-11,2
动物凶猛,1,200945816,2025-03-07,2025-03-07,1
傲慢与偏见,1,200859909,2025-02-17,2025-02-20,2
像我们一样疯狂,1,201602186,2024-12-23,2025-01-03,2
克拉拉与太阳 ,1,200857938,2025-04-16,2025-05-30,2
克苏鲁神话Ⅳ 异界之色,1,200864804,2024-09-29,2024-10-08,2
克里姆特：变形的真实,1,200956359,2024-12-10,2024-12-18,2
你的第一本哲学书,1,201034718,2024-09-10,2024-09-10,1
侦探伽利略 ,1,200975114,2024-11-26,2024-12-09,2
人力资源规划操作指南：规划概述+实用图表+流程架构+操作方案,1,200934472,2025-03-03,2025-03-13,2
人工智能不会做什么：1亿人类与1亿机器人共存的未来,1,200950667,2025-02-17,2025-03-13,2
人工智能的价值反思,1,200969924,2025-02-17,2025-03-13,2
人形爱情故事,1,201065284,2025-03-27,2025-05-16,2
叔凡说法 一看就懂的法律常识,1,200755414,2024-12-19,2025-03-25,2
叔本华暮年之思,1,200918775,2024-10-11,2024-10-11,2
变形记,1,200862094,2025-03-24,2025-04-07,2
变态心理学,1,200956386,2024-09-14,2024-10-23,2
叙事经济学 ,1,200875730,2024-11-29,2025-02-17,2
匈人王阿提拉,1,200837032,2025-02-25,2025-02-25,2
化学传奇 ,1,200902504,2024-09-25,2024-10-08,2
北宋名家词选讲 ,1,200974561,2025-02-27,2025-04-24,2
"北欧,凛冽的世界尽头",1,201030570,2024-09-04,2024-09-05,2
北欧众神 ,1,200869462,2025-03-13,2025-04-27,2
北洋觉梦录,1,200835908,2025-03-24,2025-06-04,2
医生与您细聊抑郁症,1,200914289,2024-11-20,2024-11-22,2
后电影视觉 :运动影像媒介与观众的共同进化,1,201057630,2025-04-15,2025-04-17,2
印度六派哲学,1,201001290,2024-12-19,2025-01-06,2
历史之源,1,201011243,2024-09-24,2024-09-25,2
历史的意外,1,200881108,2024-09-11,2025-01-10,2
历史的运用与滥用,1,200981688,2024-09-02,2024-09-25,2
厌女,1,200970850,2024-12-18,2024-12-18,1
以罗马之名 : 缔造罗马伟业的将军们,1,200835962,2024-12-04,2024-12-11,2
仲夏之死,1,200881689,2024-11-26,2025-05-21,2
伊斯坦布尔三城记 ,1,200872797,2024-10-29,2025-01-10,2
伊朗简史,1,200837087,2024-10-24,2024-11-25,2
休谟 ,1,201011742,2025-03-19,2025-03-19,2
伟大的海·上,1,200826286,2025-05-08,2025-05-16,2
伦敦围城,1,201017586,2025-03-24,2025-04-22,2
伦理学 ,1,200856127,2025-02-17,2025-03-11,2
伯克利物理学教程:第5卷·统计物理学(英文影印版),1,200935195,2025-03-14,2025-06-04,2
人体解剖图谱,1,200968248,2025-02-19,2025-03-19,2
古都.5,1,200804665,2025-02-28,2025-02-28,1
人性实验：改变社会心理学的28项研究,1,200934686,2024-09-24,2024-09-25,2
人性的枷锁 ,1,200982623,2024-11-29,2024-12-12,2
人性能达到的境界,1,200972475,2025-04-27,2025-05-30,2
人文地理学通识:全彩插图,1,200990703,2025-05-08,2025-06-06,2
人生看得几清明,1,201018969,2024-09-05,2024-10-14,2
人类学是什么,1,200847708,2025-05-28,2025-05-28,1
人类的进击 ,1,200876757,2024-12-02,2024-12-02,1
买办的女儿,1,200923518,2025-03-24,2025-03-25,2
乱世佳人 ·上,1,200854496,2025-05-06,2025-05-19,2
争夺非洲,1,201054090,2025-04-28,2025-04-28,1
叩开免疫之门 ,1,200940287,2024-12-02,2024-12-09,2
史学原理,1,201010128,2024-09-25,2024-09-25,2
史学引论,1,200968480,2024-09-20,2024-09-27,2
史记.2,1,200812852,2024-10-15,2025-06-06,2
后基因组时代：[后基因组时代的伦理、公正和知识],1,200848468,2024-09-24,2024-09-25,2
后翼弃兵,1,201024202,2024-10-10,2024-11-04,2
向您告知，明天我们一家就要被杀 : 卢旺达大屠杀纪事,1,201045537,2025-04-28,2025-04-28,1
呐喊,1,200834865,2024-09-30,2025-02-24,2
周易家居环境调理,1,200896370,2024-09-06,2024-09-06,1
周易教程,1,201001753,2024-09-06,2024-09-06,1
周易简释 ,1,200930724,2024-09-06,2024-09-06,1
呼吸 ,1,200890679,2024-09-14,2024-10-09,2
哈利·波特与历史,1,200948323,2024-12-02,2025-01-09,2
哲学·科学·常识,1,200875972,2024-09-24,2025-05-22,2
哲学课,1,200876221,2025-03-20,2025-04-11,2
哲学起步 ,1,200833107,2025-05-09,2025-05-09,1
商业广告设计,1,200915028,2025-05-26,2025-05-26,1
古典欧洲的诞生：从特洛伊到奥古斯丁,1,200945040,2024-12-03,2025-01-10,2
古埃及《亡灵书》,1,201001799,2024-11-26,2025-05-21,2
古董局中局.1,1,200831920,2024-09-23,2024-10-30,2
古都,1,200862539,2024-09-02,2025-01-10,2
中国现当代文学名篇十五讲,1,200847986,2025-04-28,2025-04-29,2
垃圾DNA ,1,200983472,2024-11-06,2024-11-14,2
基因开关,1,200948699,2024-11-04,2024-11-05,2
基因社会,1,200862771,2024-12-09,2024-12-27,2
基督山伯爵 （下）,1,200858517,2024-09-13,2024-10-18,2
商业海报设计,1,200918597,2025-04-07,2025-04-07,1
喧哗与骚动,1,201024177,2024-10-14,2025-04-10,3
"四世同堂. 第一部, 惶惑 ",1,201050502,2025-05-09,2025-06-03,2
四百万+西部的心,1,200821735,2024-10-08,2024-11-20,2
四维旅行,1,201051985,2024-11-14,2024-12-09,2
国境以南太阳以西,1,200883071,2024-11-11,2024-11-12,2
国王的两个身体,1,200979968,2024-09-25,2024-11-04,2
国际文凭大学预科项目中文A课程文学术语手册,1,200192594,2024-10-09,2024-11-01,2
國際文憑大學預科項目中文A語言與文學課程學習指導——文学卷(简体版),1,Z0065131,2024-12-26,2025-01-06,2
國際文憑大學預科項目中文A語言與文學課程學習指導——评估卷(简体版),1,Z0068838,2025-04-27,2025-05-14,2
國際文憑大學預科項目中文A語言與文學課程學習指導——语言卷(简体版),1,Z0068840,2025-04-27,2025-05-14,2
在路上,1,200877186,2024-11-15,2024-11-19,2
在轮下,1,200860185,2025-01-09,2025-02-21,2
地书 ,1,200977470,2025-02-20,2025-03-03,2
五号屠场,1,201059184,2024-12-17,2025-05-22,2
亲密关系,1,200896628,2024-09-04,2024-09-04,1
人世的真相,1,201018193,2024-11-29,2024-12-23,2
人人都该懂的科学简史 ,1,200991294,2024-09-20,2024-09-27,2
人人都该懂的脑科学 ,1,200998162,2025-04-03,2025-06-06,2
人人都该懂的艺术,1,200991301,2024-09-24,2024-09-25,2
人人都该懂的认识论,1,200991276,2024-09-24,2024-09-25,2
人体形态学,1,200977096,2025-03-28,2025-04-30,2
中国传统色：故宫里的色彩美学 ,1,200847806,2024-10-18,2024-10-21,2
中国古典名著百部·传世方术卷：阴符经 握奇经 皇帝宅经 龟策列传 灵棋经 诸葛神薮 推背图 奇门遁甲 梅花易,1,200184656,2024-09-10,2024-09-10,1
中国哲学如何登场 ,1,201045449,2024-12-25,2025-01-07,2
中国哲学简史,1,201011564,2024-10-28,2024-10-28,3
中国当代摄影景观 : 198-22,1,200807494,2025-02-25,2025-04-22,2
天使与魔鬼,1,201000193,2025-05-08,2025-05-12,2
天才基本法：完结篇. 上,1,200934427,2025-05-07,2025-06-06,2
基督教史：最初的三千年,1,201057319,2025-05-15,2025-06-13,2
基督教神学,1,200827677,2025-04-07,2025-05-21,2
基础有机化学. 上册 ,1,200967926,2024-10-11,2024-11-01,2
堂吉诃德,1,200808885,2025-02-25,2025-04-07,2
堕落 流放与王国,1,201014339,2025-02-17,2025-04-14,2
塑料的世界,1,201020493,2024-09-04,2025-04-10,2
塔木德 ,1,200965250,2024-09-04,2024-10-08,2
复活,1,200857750,2024-11-29,2025-02-19,2
夏天、烟火和我的尸体,1,200945932,2024-11-07,2024-11-13,2
夏目漱石浮世与病榻,1,200977112,2024-11-15,2025-05-21,2
外婆的道歉信,1,200979138,2024-11-13,2025-05-08,3
夜晚的潜水艇 ,1,200849966,2024-09-06,2024-10-14,2
圣诞颂歌,1,200955289,2024-11-13,2024-11-14,2
在绝望之巅,1,200805584,2025-03-24,2025-04-07,2
女孩们,1,200870584,2025-04-02,2025-04-03,2
女性影像手册,1,200887157,2025-02-27,2025-02-27,1
女生徒,1,200986932,2024-09-23,2024-10-12,2
她之所以为她,1,200889351,2025-06-05,2025-06-05,1
她们,1,201044208,2024-09-26,2024-10-11,2
大学之路 : 陪女儿在美国选大学. 上册,1,201605030,2025-01-10,2025-05-07,2
"大秦帝国·第一部, 黑色裂变. 上卷",1,200917400,2024-09-12,2024-09-26,2
"大秦帝国·第一部, 黑色裂变. 下卷",1,200917428,2024-09-26,2024-10-10,2
"大秦帝国·第三部, 金戈铁马. 下卷",1,200917491,2024-12-02,2024-12-16,2
"大秦帝国·第二部, 国命纵横. 上卷",1,200917437,2024-10-09,2024-10-28,2
"大秦帝国·第二部, 国命纵横. 下卷",1,200917464,2024-10-28,2024-11-07,2
"大秦帝国·第五部, 铁血文明. 上卷",1,200917552,2025-01-06,2025-01-10,2
"大秦帝国·第四部, 阳谋春秋. 上卷",1,200917525,2024-12-16,2024-12-26,2
"大秦帝国·第四部, 阳谋春秋. 下卷",1,200917543,2024-12-26,2025-01-06,2
大象的证词,1,200836266,2024-11-13,2024-12-17,2
大问题,1,200913690,2024-09-12,2024-09-12,1
失落的秘符,1,201018709,2024-10-23,2024-11-11,2
奇妙数学的1个重大突破. 上册,1,201038581,2024-09-24,2024-09-25,2
契科夫短篇小说精选,1,201020741,2024-12-06,2024-12-17,2
契诃夫传,1,200878773,2024-12-02,2024-12-10,2
丹麦人为什么幸福,1,200876070,2024-12-02,2024-12-04,2
为什么那是艺术:当代艺术的美学和批评,1,200903022,2024-09-24,2024-12-02,2
丽达与天鹅 : 叶芝诗歌新译详注,1,200813815,2024-12-09,2024-12-26,2
乌托邦 ,1,200843098,2025-03-13,2025-06-04,2
九三年 ,1,200983917,2025-01-09,2025-03-11,2
习近平新时代中国特色社会主义思想基本问题,1,200819365,2024-11-27,2025-01-02,2
与神作战,1,200822627,2025-05-15,2025-05-16,2
世界历史上的蒙古征服,1,200835953,2024-09-02,2024-09-05,2
世界尽头的咖啡馆 ,1,200866697,2024-10-24,2024-11-13,2
世界摄影史,1,200824778,2025-02-25,2025-06-03,2
世界的凛冬1,1,200874438,2025-01-08,2025-02-19,2
世界的凛冬·Ⅱ,1,200874456,2025-01-08,2025-02-19,2
宗教社会学 宗教与世界 ,1,200867428,2025-05-16,2025-06-13,2
审美人类学,1,200964572,2024-10-25,2024-12-26,2
对活人的治理：1979-198,1,200906608,2025-03-10,2025-03-19,2
好笑的爱,1,200857885,2024-10-16,2024-10-29,2
如何从头开始做一个苹果派,1,201031061,2024-12-03,2025-05-19,2
如何做一个领导者,1,200975070,2025-06-05,2025-06-05,1
如何成为幸福的有钱人,1,200535616,2024-12-19,2025-03-25,2
如何解读中世纪艺术,1,200931947,2024-12-09,2024-12-09,1
"如果在冬夜,一个旅人",1,200823298,2024-09-02,2025-06-10,3
如果尸体会说话,1,201020064,2025-03-25,2025-04-07,2
如果我们的语言是威士忌,1,200877382,2024-10-21,2024-10-22,2
妇女、家庭与法律实践,1,200889011,2025-03-18,2025-03-18,1
始于极限 : 女性主义往复书简,1,200803933,2024-09-09,2024-10-18,2
娱乐何为,1,200827098,2024-10-28,2024-11-12,2
字母表谜案 ,1,200870129,2025-01-07,2025-03-25,2
天黑以后,1,200804344,2024-11-26,2024-12-04,2
世界简史,1,200982268,2024-09-03,2024-09-12,2
世界金融史,1,200988351,2024-09-25,2024-09-27,2
世间万数,1,200865439,2024-09-24,2024-09-25,2
世间的每一个清晨,1,200835285,2025-05-16,2025-06-06,2
丛中鸟：观鸟的社会史,1,201010280,2025-04-24,2025-05-19,2
东京八平米,1,200803773,2024-11-18,2024-12-23,2
东京百景,1,200877907,2024-09-26,2024-09-26,1
三体Ⅲ,1,200951416,2025-04-08,2025-04-25,2
三匹马,1,200839815,2024-09-04,2024-09-23,2
三四郎,1,200884169,2025-05-13,2025-05-13,1
三国演义.下,1,201027904,2024-10-15,2025-01-10,2
三幕悲剧,1,200836257,2024-09-05,2024-09-19,2
宏观经济学 ,1,201056105,2024-09-03,2025-01-10,2
宏观经济数据分析手册,1,200954798,2024-12-18,2025-02-17,2
宗教哲学经典选读,1,200967588,2025-03-11,2025-03-25,2
宗教社会学,1,200972894,2024-12-09,2025-05-21,2
巨人的陨落III,1,200876551,2024-12-20,2025-01-08,2
巴比伦,1,200825759,2025-03-21,2025-03-25,2
布匿战争 : 罗马、迦太基与地中海霸权的争夺,1,200839619,2025-02-19,2025-02-24,2
布拉格：黑色与金色之城,1,200970574,2025-01-03,2025-01-03,1
布雷顿森林货币战,1,200940116,2024-09-25,2024-12-02,2
对称与不对称 ,1,200964947,2024-09-12,2024-09-20,2
寻羊冒险记,1,200880172,2025-03-10,2025-05-19,2
导演课,1,201058112,2025-01-09,2025-02-19,2
小姨多鹤 ,1,200869195,2025-03-31,2025-03-31,1
小说课,1,201023793,2025-04-16,2025-04-16,1
少年、胭脂与灵怪,1,201017112,2024-09-20,2024-11-07,2
尼采,1,200829602,2024-09-24,2024-11-19,2
孤独力 ,1,200954191,2025-01-10,2025-05-15,2
孤独是迷人的,1,200806869,2024-09-06,2024-09-06,2
孤独美食家 ,1,200872369,2024-09-23,2025-05-21,3
世界的凛冬·Ⅲ,1,200874465,2025-01-08,2025-02-19,2
山茶文具店,1,201031347,2024-09-24,2024-10-18,2
峰会:影响2世纪的六场元首会谈,1,201037172,2024-12-26,2024-12-26,1
崔健诗歌集,1,200875124,2025-03-11,2025-03-14,2
不再等待戈多,1,200806315,2025-02-26,2025-03-05,2
不原谅也没关系,1,201017372,2024-10-25,2024-12-26,2
不可不知的36种电子元器件,1,201035441,2025-01-02,2025-03-21,2
不安之书,1,200801061,2024-12-23,2025-01-03,2
"不完美,才美",1,200885300,2024-10-24,2024-12-16,2
不平等社会：从石器时代到21世纪，人类如何应对不平等,1,201036253,2025-05-30,2025-05-30,1
不朽,1,200857894,2024-10-09,2024-10-15,2
与社会学同游 ,1,200861380,2025-04-16,2025-06-05,2
“鸟人”应该知道的鸟问题,1,201015007,2025-04-24,2025-04-27,2
一个人的美食跑跑跑,1,201058595,2024-11-05,2024-11-05,1
一个女人的故事,1,200853594,2024-12-06,2024-12-13,2
一个女孩的记忆,1,200853576,2025-04-16,2025-04-17,2
一句顶一万句,1,200823243,2025-04-02,2025-06-06,2
弗雷格 ,1,200511357,2024-10-10,2025-02-18,2
弦理论,1,201004448,2024-10-12,2024-12-12,2
当代科学事实的争论研究,1,200979833,2024-09-25,2024-09-25,2
彷徨之刃,1,200993158,2024-12-16,2025-02-20,2
微暗的火,1,200880546,2024-12-23,2025-01-03,2
希波战争,1,200837103,2024-10-22,2024-10-24,2
希腊前的哲学,1,200983766,2024-09-03,2024-10-25,2
帝国的铸就：1861-1871,1,201013214,2024-09-04,2025-02-17,2
幕末史,1,200833964,2024-09-13,2024-11-11,2
平凡的世界 .第一部,1,200847478,2024-09-19,2024-10-15,2
幽默,1,200927649,2024-10-12,2024-10-29,2
广东,1,200841900,2025-06-03,2025-06-03,1
广告说服力,1,201050156,2024-09-13,2024-09-24,2
广岛之恋,1,200879139,2024-10-09,2024-10-10,2
应用STATA做统计分析 : 更新至STATA12 : 原书第8版,1,200914813,2024-12-06,2025-05-19,2
庭院深处，是哪辆镀铬把手的小自行车？,1,200803425,2024-09-23,2024-09-24,2
康德的世界,1,200904771,2025-03-06,2025-03-12,2
建筑,1,200912637,2025-01-02,2025-02-21,2
建筑与文化,1,201066443,2025-05-16,2025-05-16,1
一地鸡毛,1,200841820,2024-10-17,2025-06-06,2
一桩事先张扬的凶杀案,1,200998741,2024-09-19,2024-09-25,2
一间自己的房间,1,200805717,2025-01-07,2025-02-18,2
丁玲小说 梦珂,1,Z0028274,2025-02-26,2025-05-13,2
丁玲集,1,Z0012203,2025-02-26,2025-05-13,2
万历十五年,1,201023757,2025-03-28,2025-05-06,2
万尼亚舅舅·三姊妹·樱桃园,1,200882027,2025-04-30,2025-05-06,2
What You Can See From Here,1,201323282,2025-04-22,2025-05-16,2
Where the crawdads sing,1,201310759,2024-09-10,2025-02-18,2
Why Didnt They Ask Evans?,1,201307932,2024-10-09,2024-10-18,2
Wordsworth: Jane Eyre,1,200694301,2024-09-05,2025-06-03,2
Wordsworth: Little Prince,1,200697745,2025-02-27,2025-03-18,2
建筑鉴赏方法,1,200961762,2025-04-23,2025-04-23,1
总结：毛姆创作生涯回忆录,1,200878808,2024-12-23,2024-12-23,1
悖论与谬误 ,1,201046643,2024-09-19,2024-11-06,2
情书,1,200945889,2024-09-26,2024-09-26,1
情节与历史叙事,1,200920147,2024-12-24,2025-01-06,2
惊艳一击：数理史上的绝妙证明,1,200940820,2024-09-11,2025-01-10,2
微积分入门,1,200825045,2024-09-04,2024-09-04,1
微积分的力量,1,200942702,2024-09-30,2024-10-15,2
德国简史,1,200895200,2024-09-04,2025-02-17,2
德米安,1,200896405,2024-09-23,2024-09-29,2
心向原野,1,201021214,2024-11-22,2024-12-02,2
心流:最优体验心理学,1,200876178,2024-11-07,2025-01-08,3
心理学 ,1,200856038,2024-09-24,2024-09-25,2
心理治疗为什么有用,1,200906430,2024-11-22,2024-12-04,2
怀疑论者:理性看世界,1,201033700,2024-11-11,2024-11-11,1
思想经济学,1,200947413,2024-09-19,2024-10-22,2
康德,1,200922092,2025-03-14,2025-04-07,2
"怪诞行为学. 3, 非理性的你",1,200885435,2024-12-12,2024-12-17,2
Wordsworth: Social Contract,1,200692483,2025-04-07,2025-05-16,2
Workbook Mathematics HL,1,200049928,2024-09-12,2024-09-12,2
cambridge as & a level further math 1 student's book,1,201502427,2025-01-08,2025-01-08,1
cambridge as & a level further math 2 student's book,1,201502481,2025-01-08,2025-01-08,1
kandinsky,1,201311197,2025-03-18,2025-03-18,2
the five people you meet in heaven,1,201309654,2025-03-10,2025-03-12,2
“文学爆炸”亲历记,1,201022160,2024-11-12,2024-11-26,2
The return of the king : being the third part of The lord of the rings,1,201324183,2024-11-20,2024-11-21,2
The three Theban plays,1,201324637,2024-09-27,2024-09-29,2
The time keeper,1,201323451,2025-05-23,2025-05-23,1
The two towers; : being the second part of The Lord of the rings,1,201324174,2024-11-20,2024-11-21,2
"Thinking, fast and slow",1,200653319,2024-09-05,2024-09-06,2
To Be A Machine,1,201307549,2024-10-11,2024-11-21,2
"怪诞行为学. 4, 诚实的真相",1,200874535,2024-12-17,2025-01-10,2
"怪诞行为学. 6, 非凡的决定",1,200876025,2025-01-08,2025-02-17,3
才女之累：李清照及其接受史,1,200877024,2025-02-27,2025-04-24,2
托福考试官方指南,1,200966188,2024-09-04,2024-09-19,2
技术哲学讲演录,1,201050094,2024-09-25,2024-09-25,2
想呀想呀想不停,1,200994022,2024-12-02,2024-12-02,1
想象一朵未来的玫瑰：佩索阿诗选,1,200876445,2024-10-17,2024-11-26,2
想象的共同体 : 民族主义的起源与散布,1,200920977,2024-09-02,2024-09-02,1
戏剧概论,1,200929424,2024-09-24,2025-05-22,2
成为人类学家,1,200947814,2025-05-28,2025-05-28,1
我从未如此眷恋人间,1,200952111,2024-09-04,2025-05-14,2
我们仨,1,201037751,2024-10-24,2024-10-28,2
我将宇宙随身携带,1,200871789,2025-04-27,2025-04-30,2
我弥留之际,1,201020983,2024-09-06,2024-10-14,2
我想和你谈谈精神病人的世界,1,200866553,2024-10-12,2024-10-14,2
性格心理学,1,200892230,2024-09-25,2024-09-26,2
怨女,1,200862511,2024-09-04,2025-05-16,2
怪诞行为学,1,201033461,2025-01-08,2025-02-17,3
拒绝平庸：25个引领市场的营销法则,1,200933589,2024-09-10,2025-01-10,2
拼贴城市 Collage city,1,200914920,2025-03-03,2025-05-16,2
拿起就放不下的经济学,1,200956929,2024-12-12,2024-12-17,2
挪威的森林,1,200884962,2024-10-14,2024-11-11,2
推拿,1,200834801,2025-04-08,2025-04-08,1
推销员之死,1,200880573,2024-12-11,2025-01-08,2
我是怎样设计赛车的,1,200928586,2024-09-05,2024-09-05,1
"我是谁?如果有我,有几个我?",1,200824545,2025-01-10,2025-03-05,2
我的世界观,1,200985808,2024-10-12,2024-10-25,2
我的十堂大体解剖课 ,1,200994460,2025-03-21,2025-03-25,2
我的天才女友,1,201019600,2024-09-13,2024-09-13,1
我需要去看心理医生吗？,1,200906421,2024-11-20,2024-11-20,1
战国策.上册,1,200812308,2025-05-15,2025-05-15,1
战神的后裔 ,1,200893685,2025-05-12,2025-05-12,2
房思琪的初恋乐园 ,1,200923386,2024-10-11,2024-10-17,2
房间里的大象 ,1,200874955,2024-10-12,2024-10-15,2
教堂尖塔,1,200880065,2024-09-06,2024-10-15,2
教父,1,200874811,2024-10-14,2024-11-11,2
教育研究方法:专题与案例,1,200947280,2024-09-24,2024-09-25,2
数学史,1,200871226,2024-09-24,2024-11-07,2
把自己作为方法 : 与项飙谈话,1,200882713,2025-04-21,2025-05-19,2
拉斐尔：柔美与和谐,1,200956297,2024-12-10,2024-12-18,2
To the Lighthouse (PMC) Virginia Woolf,1,201309244,2024-09-06,2024-09-06,1
Trump: How to Get Rich,1,200686757,2024-11-20,2024-11-25,2
"Tuesdays with Morrie : an old man, a young man, and life's greatest lesson",1,200659144,2024-09-10,2024-10-09,2
Twilight ,1,200687159,2024-09-09,2024-09-29,2
Vanity fair,1,201310508,2024-09-11,2024-09-12,2
Waves,1,201323674,2024-10-17,2025-02-18,2
The Rise of Rome : From the Iron Age to the Punic Wars (1 BC - 264 BC),1,200692090,2024-11-15,2024-11-15,1
The School of Life: How to Spend Time Alone,1,201308012,2024-09-05,2025-01-10,2
The Unbearable Lightness of Being,1,201501124,2025-03-20,2025-04-30,2
The Wiley guide to writing essays about literature,1,200666234,2024-11-08,2024-11-08,1
改变心理学的4项研究:第7版,1,200959427,2024-09-11,2025-01-10,2
政治学 ,1,200843043,2024-11-25,2024-12-17,2
政治情感,1,201055810,2025-04-24,2025-05-30,2
The curious incident of the dog in the night-time,1,201324129,2025-03-12,2025-03-20,2
The literature book,1,201323898,2024-09-09,2024-09-20,2
The little world of Liz Climo,1,200689772,2024-09-10,2024-09-10,1
"The new Avengers : Vol. 8,. Secret invasion book 1",1,201324209,2024-11-04,2025-01-03,2
The psychology book,1,201323969,2024-09-05,2024-09-05,1
The remains of the day,1,200358246,2025-05-13,2025-06-06,2
The Lost Symbol,1,200693160,2024-11-06,2025-01-02,2
The Martian (MTI),1,200687015,2025-04-18,2025-05-13,2
The Meritocracy Trap,1,200698584,2024-09-06,2024-09-06,1
The New Yorker Stories,1,201309397,2025-04-02,2025-05-13,2
The Notebooks of Malte Laurids Brigge,1,201313355,2025-05-23,2025-05-23,1
政治经济学的特征与逻辑方法,1,200922449,2024-09-24,2024-09-25,2
政治经济学的范围与方法,1,200986433,2024-09-24,2024-09-25,2
新音乐的哲学,1,200986184,2024-09-25,2025-01-07,2
无名之町 ,1,200993069,2024-09-13,2024-09-13,1
无用的神学,1,200835409,2025-04-18,2025-04-18,2
无知,1,200882465,2024-10-12,2024-10-25,2
数学史话 ,1,200996592,2024-09-24,2024-11-07,2
数学哲学 ,1,200933516,2024-09-24,2025-01-10,2
数学建模,1,201037608,2024-09-04,2025-05-20,2
数学建模实用教程,1,200915340,2024-09-24,2025-01-10,2
数学思想与文化 ,1,200939477,2024-09-24,2024-09-25,2
数学猜想与发现,1,200941437,2024-09-24,2024-09-25,2
数学珍宝集,1,200906537,2024-09-12,2024-09-12,2
数学的语言 : 化无形为可见,1,201049784,2024-09-11,2024-09-25,2
文学批评导引 (第二版）,1,201025862,2024-11-18,2025-01-09,2
文学术语词典,1,200967392,2024-10-25,2024-12-26,2
文学理论 ,1,200929291,2025-04-28,2025-04-29,2
改变历史的香料商人,1,200837014,2025-03-13,2025-05-20,2
料理图鉴,1,200535938,2024-12-19,2025-03-25,2
斯普特尼克恋人,1,200883080,2024-11-12,2025-03-04,2
The Official SAT Study Guide,1,200033882,2025-02-17,2025-02-17,1
The Personal MBA,1,200695729,2025-03-26,2025-03-26,2
The Philosophy of Law: A Very Short Introduction,1,201306853,2025-01-09,2025-03-18,2
The Picture of Dorian Gray (Wordsworth Classics),1,201324771,2024-10-11,2024-11-07,2
The Pursuit of Glory,1,200686891,2024-10-31,2024-10-31,1
The Queens Gambit : Now a Major Netflix Drama,1,201310722,2025-03-10,2025-05-09,2
The Da Vinci Code,1,200686819,2025-03-14,2025-03-27,2
The Door into Summer,1,201309182,2024-09-03,2024-10-22,2
The Ender Quintet #5： Ender in Exile,1,200689362,2024-11-06,2025-01-02,2
The Gods Themselves,1,201310401,2025-01-09,2025-03-03,2
The Gospel of Loki,1,201302982,2025-03-27,2025-03-27,1
新哲人,1,200870352,2024-10-30,2024-10-31,2
新艺术的自然与曲线,1,200983212,2024-12-09,2024-12-09,1
新迁移,1,200949821,2024-11-21,2024-11-21,1
本巴,1,200807056,2025-04-01,2025-04-03,2
机器学习：原理、算法与应用,1,200915368,2024-12-09,2024-12-27,2
杀死一只知更鸟:纪念版,1,200097876,2024-09-02,2024-09-02,2
极端的年代:1914-1991,1,200821370,2025-03-24,2025-05-21,2
无神话，不艺术！,1,200807699,2024-12-10,2024-12-18,2
日本之镜,1,200850105,2024-12-18,2024-12-18,1
早稻田大学日本史.第八卷，安土桃山时代,1,201005198,2024-09-20,2024-10-22,2
时尚中的数学 ,1,200916134,2025-03-31,2025-03-31,1
春之祭,1,200824590,2024-09-13,2024-12-26,2
昨日的世界,1,200883213,2025-03-10,2025-04-30,2
是我把你蠢哭了吗 ,1,200925767,2025-05-22,2025-05-22,1
晓寺,1,200871805,2024-12-03,2025-04-09,2
普通语言学教程,1,201028770,2024-09-25,2024-10-08,2
文学的读法,1,200926463,2024-11-18,2025-01-09,2
文学阅读指南,1,200036638,2024-09-10,2024-10-16,2
文明与气候,1,200987352,2025-05-28,2025-05-28,1
最后的讲义,1,200804264,2024-10-24,2024-10-24,2
有限与无限的游戏: 有限与无限的游戏,1,201024541,2024-09-20,2024-11-29,2
望春风,1,201012741,2024-12-09,2025-01-08,2
The Great Adventures of Sherlock Holmes,1,201325351,2024-09-04,2024-09-30,2
The Habsburg Empire: A Very Short Introduction,1,201312631,2024-10-23,2024-10-31,2
The Highly Sensitive Person,1,200686622,2024-09-05,2025-01-10,2
The History of the Decline and Fall of the Roman Empire:vol,1,201324780,2024-11-20,2024-11-25,2
The Hitchhikers Guide to the Galaxy,1,201310571,2025-05-23,2025-06-10,2
The Human Bone Manual,1,201407192,2025-04-14,2025-05-19,3
The Karamazov Brothers (Wordsworth Classics),1,201324806,2025-03-07,2025-03-14,2
The Lost Hero (Heroes of Olympus Book 1),1,201310991,2025-02-20,2025-05-30,2
Strangers Drowning,1,200691206,2025-02-18,2025-06-13,2
"Surely You’re Joking,Mr. Feynman!",1,201303357,2025-01-10,2025-05-20,3
Surrounded by Idiots: The Four Types of Human Behavior and How to Effectively Communicate with Each in Business (and in Life),1,200693767,2024-09-10,2024-09-12,2
The 6:2 Man,1,200686515,2025-04-17,2025-04-17,1
本书书名无法描述本书内容昂:精装珍藏版,1,200994549,2024-12-11,2024-12-27,2
永恒的边缘.Ⅱ,1,200872564,2025-04-28,2025-06-06,2
永恒的边缘.Ⅲ,1,200872573,2025-04-28,2025-06-06,2
汉英词典,1,Z0035221,2024-11-05,2024-11-05,2
极简天文学 ,1,200874722,2025-04-03,2025-06-06,2
柏拉图文艺对话图,1,200986834,2024-09-03,2024-09-03,1
柏拉图的数学哲学,1,200963733,2024-09-25,2024-09-25,2
柠檬,1,201054777,2024-09-04,2024-09-05,2
查理一世,1,200825928,2024-11-01,2024-11-20,2
树上的男爵,1,200823430,2024-09-06,2024-09-06,2
桑苏西来客,1,200836836,2025-04-29,2025-06-05,2
檀香刑,1,200838059,2024-09-10,2024-10-15,3
欢迎来到宇宙 ,1,201044734,2024-10-11,2024-12-02,2
欧洲史 ,1,200889191,2025-03-13,2025-06-04,2
智能革命,1,201029519,2025-02-17,2025-03-11,2
曹禺戏剧选 ,1,200974204,2024-09-02,2024-11-25,3
最伟大的骑士,1,200833802,2024-09-11,2024-09-14,2
正义诸领域：为多元主义与平等一辩 ,1,201039189,2025-04-21,2025-04-24,2
正在抢救中,1,200943426,2025-04-03,2025-05-06,2
The Bible book,1,201323004,2024-09-04,2024-10-21,2
The Call of the Wild,1,201325672,2024-09-05,2025-01-10,2
The Castle,1,201311204,2025-03-14,2025-04-23,2
The Chalk Man,1,201311847,2024-11-04,2024-12-05,2
The Cider House Rules,1,201308904,2024-09-19,2024-11-07,2
The Complete Yes Minister: The Diaries of a ...,1,200415826,2024-11-08,2024-12-03,2
Sherlock Holmes: Vol 1,1,200699903,2024-09-12,2024-10-16,2
Signet Classics: Black Beauty,1,200694533,2025-01-09,2025-02-25,2
Signet Classics: Crime and Punishment,1,200699743,2025-03-07,2025-03-13,2
Signet Classics: Dracula,1,200696407,2025-03-25,2025-04-22,2
死魂灵,1,201024845,2024-11-14,2024-11-25,2
民国太太的厨房 ,1,200945077,2025-02-21,2025-02-21,1
永恒的王妃,1,200986709,2024-10-23,2024-10-28,2
永恒的边缘.Ⅰ,1,200872555,2025-03-21,2025-04-21,2
海明威文集(9),1,200855930,2024-09-13,2024-09-26,2
海洋的子民,1,201013544,2025-03-14,2025-06-04,2
海浪 ,1,200879781,2024-11-01,2024-11-04,2
消失的地平线,1,200959436,2024-09-13,2024-10-18,2
汉魏六朝文选 ,1,200741475,2024-11-08,2025-06-06,2
"汪曾祺散文集, 人间知味 ",1,200935505,2025-05-06,2025-05-06,1
沉沦·流放与王国,1,200877514,2025-02-19,2025-02-24,2
沙盘游戏疗法儿童心理案例精析,1,201616938,2024-09-02,2024-09-02,2
没有人给他写信的上校,1,200975640,2024-10-14,2024-10-28,2
河边的错误,1,200221866,2024-11-08,2025-01-06,2
波提切利：优雅栖身,1,200939805,2024-12-10,2024-12-18,2
波洛圣诞探案记,1,200836435,2024-09-13,2025-01-08,2
泪之地,1,200935006,2024-09-13,2024-11-11,2
欧洲史 : 古典时代(史前－公元337),1,200884668,2025-03-13,2025-06-04,2
欧洲史 : 转型时代(约145-1914),1,200884481,2025-03-13,2025-06-04,2
正义的语境,1,200919998,2025-04-21,2025-04-24,2
流行病 ,1,200981759,2024-11-20,2024-11-22,2
浮出历史地表 : 现代妇女文学研究,1,201005535,2025-03-18,2025-04-08,2
Simply psychology,1,201325164,2025-02-18,2025-04-24,2
Small Pleasures,1,200699832,2024-11-12,2025-05-21,3
Smile,1,201303044,2024-09-19,2024-10-09,2
Sophie’s World,1,201301153,2024-09-10,2025-02-18,3
Statistics for The Behavioral Sciences,1,200699084,2024-09-05,2024-10-18,2
Stock Market 101,1,201322363,2024-10-10,2024-10-21,2
Philosophy 101,1,201322372,2025-01-10,2025-04-24,2
Physics for the IB Diploma Workbook with Digital Access (2 Years),1,201500848,2024-11-26,2024-11-26,1
Physics-Giancoli,1,Z0064561,2024-09-09,2024-10-24,2
海德格尔的最后之神,1,200985675,2024-09-05,2024-10-11,2
海明威文集(12),1,200855967,2024-09-13,2024-12-05,2
海明威文集(13),1,200855976,2024-09-13,2025-03-03,2
海明威文集(14),1,200855985,2024-09-13,2024-09-26,2
海明威文集(15),1,200855994,2024-09-13,2024-09-26,2
牛津拜占庭史,1,200871306,2024-09-03,2024-09-04,2
牛津袖珍英汉双解词·第11版,1,200319921,2024-11-05,2024-11-05,2
牛蛙,1,200174382,2025-02-20,2025-04-01,2
物种起源(导读注释版)(英文),1,200880136,2025-02-18,2025-04-30,2
特朗普自传:从商人到参选总统,1,200900971,2024-09-05,2025-01-10,2
消失的真实,1,200847691,2024-09-06,2024-10-15,2
清末民国人口贩卖与家庭生活,1,200918169,2025-03-18,2025-03-18,1
清洁女工之死,1,200836514,2024-09-13,2025-01-08,2
清洁女工手册 ,1,200975542,2024-09-02,2024-11-26,2
漫长的告别,1,200363775,2024-11-08,2024-12-05,2
火星俱乐部,1,200882768,2024-12-11,2025-01-06,2
烧纸,1,200895371,2024-10-23,2024-11-13,2
爱伦·坡短篇小说全集. 上,1,200831617,2024-09-04,2024-09-04,1
爱你就像爱生命,1,200847183,2024-10-24,2024-11-19,2
爱弥儿 .上卷,1,200842437,2024-11-07,2024-11-07,1
洞穴奇案 ,1,200926089,2025-03-06,2025-03-06,2
爱，不可能,1,200935417,2025-02-24,2025-02-26,2
Project Hail Mary,1,200698405,2025-02-25,2025-03-20,2
Range: Why Generalists Triumph in a Specialized World,1,200698307,2024-09-11,2024-09-29,2
Rebecca,1,201323558,2025-03-13,2025-04-07,2
Rhetoric: A Very Short Introduction,1,201312310,2025-04-02,2025-05-13,2
Rockwell,1,201321676,2025-05-29,2025-06-04,2
Science of Gardening,1,201324469,2025-03-14,2025-04-30,2
Secret Language of Flowers,1,201325431,2024-10-10,2024-12-02,2
Sense & Sensibility,1,200054412,2025-05-13,2025-05-13,2
Northanger Abbey,1,200694365,2024-09-11,2025-05-23,2
Notes from Underground and the Double,1,201325299,2025-05-23,2025-05-23,1
"Olive, Again: A Novel",1,201504292,2025-03-18,2025-04-10,2
Outliers : the story of success,1,201319518,2024-09-06,2024-09-06,1
Oxford Resources for IB DP Environmental Systems and Societies: Course Book,1,201500508,2024-09-03,2024-11-07,2
牛奶可乐经济学 4,1,200992523,2025-01-07,2025-02-18,2
牛津古希腊史 ,1,200867865,2024-09-13,2025-01-08,2
生活世界地理学,1,201009167,2025-05-28,2025-05-28,1
犬儒主义,1,201008435,2024-10-17,2024-10-31,2
犯罪心理学 ,1,200903932,2025-03-24,2025-05-22,2
狼图腾,1,200974856,2024-09-04,2024-09-11,2
猎人笔记,1,201010985,2024-12-09,2024-12-26,2
王家卫的电影世界,1,201057612,2025-04-17,2025-05-07,2
王座上的幽灵,1,200826428,2024-12-11,2024-12-16,2
玩笑,1,200879745,2025-03-13,2025-04-24,2
现代性的神学起源,1,200999278,2025-05-15,2025-05-16,2
现代日本 ,1,200827702,2025-06-03,2025-06-03,1
现代汉语修辞学 ,1,201048400,2025-04-27,2025-05-12,2
现代生命科学导论 ,1,200949000,2024-11-22,2024-12-09,2
现代生活的画像：马奈及其追随者艺术中的巴黎,1,200896771,2024-12-17,2025-01-09,2
爱弥儿 .下卷,1,200842446,2024-12-06,2024-12-06,1
爱欲之死,1,200827105,2024-09-04,2024-10-23,2
爱的艺术 ,1,200861674,2024-12-09,2025-01-07,2
白杨木的春天,1,200827150,2025-04-07,2025-04-10,2
百年孤独,1,200846549,2024-10-24,2025-05-19,3
百鬼夜行 : 全画集,1,200893079,2024-12-09,2024-12-09,1
相对论究竟是什么,1,200994273,2024-09-05,2024-09-12,2
看不见的女性,1,200804111,2024-09-27,2024-10-12,2
现代生物学发展史,1,200908045,2024-09-24,2024-09-25,2
现代电影艺术,1,201057934,2025-04-15,2025-04-15,1
现代科学简史：从蒸汽机到??求偶,1,201025835,2024-09-09,2024-09-25,2
现代高级英汉·汉英类义联想词典,1,Z0032294,2024-11-05,2024-11-05,2
现实的社会建构 ,1,200973544,2025-05-22,2025-06-03,2
珠唾集,1,200875106,2025-02-20,2025-03-03,2
琅琊榜之风起长林 上,1,200937353,2025-05-15,2025-05-21,2
理想国,1,200921306,2024-09-04,2024-09-04,2
理论与真理,1,200913057,2024-09-24,2024-09-24,2
生命中那些重要的事,1,200888931,2024-12-02,2024-12-27,2
生命政治的诞生,1,200920502,2024-10-09,2024-10-16,2
神祇与英雄.上,1,200881251,2024-09-05,2024-09-05,1
生物学是什么,1,200847628,2024-09-25,2024-10-08,2
生物群落概述 ,1,200950284,2024-11-22,2024-12-02,2
画地为牢,1,201053484,2024-09-25,2024-10-17,2
略萨谈博尔赫斯 : 与博尔赫斯在一起的半个世纪,1,201018870,2024-11-19,2024-11-26,2
Pearson Biology for the IB Diploma Standard Level,1,201314595,2024-10-29,2024-10-29,1
Penguin Great Ideas : Common Sense,1,200688899,2024-10-10,2024-11-27,2
Percy Jackson and the Lightning Thief (Percy Jackson & the O,1,200692642,2025-05-26,2025-05-26,1
Persuasion,1,200054458,2025-05-13,2025-06-06,2
Peter Pan,1,201324959,2025-02-27,2025-03-31,2
MATHEMATICS-HL&SL for the IB Diploma,1,200031704,2024-09-24,2024-09-24,1
MH's PSAT/NMSQT,1,200418020,2025-02-17,2025-02-17,1
Macbeth,1,201322498,2024-09-19,2024-11-07,2
Mark Zuckerberg: In His Own Words (In Their Own Words Series),1,201307996,2024-11-25,2024-11-25,2
疯癫与文明 : 理性时代的疯癫史,1,200726900,2025-04-25,2025-05-26,2
病菌简史,1,200881279,2025-05-12,2025-06-06,2
禅与摩托车维修艺术 ,1,200988958,2024-10-11,2024-12-13,2
种在走廊上的苹果树,1,200795835,2025-04-07,2025-04-16,2
科学哲学 ,1,200856065,2024-09-20,2024-09-27,2
科学哲学的历史导论,1,200976916,2024-09-20,2024-09-27,2
科学实验哲学,1,200942944,2024-09-24,2024-09-25,2
看见,1,200979370,2024-12-10,2024-12-10,1
真实幸福的形而上学,1,200803416,2024-12-25,2025-01-02,2
礼拜二午睡时刻,1,200975025,2024-11-11,2024-11-13,2
社会学的想象力 ,1,201034291,2024-10-10,2024-10-16,2
社会学的意识,1,200829700,2024-09-24,2024-09-25,2
社会学的问题,1,200878121,2024-09-24,2024-09-25,2
社会性动物 ,1,200957152,2025-04-07,2025-05-21,2
社会的麦当劳化,1,201050076,2025-04-18,2025-06-05,2
社会研究方法 ,1,200913716,2024-09-24,2024-09-24,2
社会语言学,1,200996609,2024-09-24,2025-05-22,2
神曲,1,200853399,2024-12-23,2024-12-23,1
神经漫游者,1,200825946,2024-09-26,2024-10-29,2
神经网络与深度学习 ,1,200995879,2024-09-24,2024-09-24,2
神话的心理学,1,201041648,2025-05-15,2025-05-15,2
神雕侠侣 .1,1,201051100,2024-09-20,2024-12-25,2
My Name Is Red,1,201306461,2024-09-14,2024-10-11,2
"NEW Cambridge IGCSE First Language English Teacher's Resource, 5e",1,201305168,2025-05-29,2025-05-29,1
NFT元宇宙经济通证,1,200872127,2025-02-17,2025-03-13,2
Negotiation Genius,1,201306194,2025-03-26,2025-03-26,2
Neuromancer (The Best of the SF Masterworks),1,201308851,2024-09-24,2024-10-18,2
Noise: A Flaw in Human Judgment,1,200687596,2024-12-27,2025-01-02,2
Il Duro,1,200694748,2025-04-11,2025-04-11,2
Intermediate Counting & Probability,1,200035032,2025-02-17,2025-02-17,1
Investing 11,1,201308646,2024-10-10,2024-10-21,2
Jane Austen,1,200697406,2024-09-20,2024-09-23,2
Just Six Numbers: The Deep Forces That Shape the Universe,1,200695612,2025-01-10,2025-01-10,1
Knowledge: A Very Short Introduction,1,201306826,2025-01-10,2025-01-10,1
算法导论 ,1,200995502,2025-03-20,2025-05-19,2
米佳的爱情,1,200859856,2025-04-07,2025-04-07,2
精神现象学,1,200872868,2025-05-28,2025-05-28,1
精神病学史 ：从收容院到百忧解,1,201048197,2024-09-03,2024-10-25,2
科学思想史,1,201025292,2024-09-24,2024-09-25,2
科学技术史,1,200898403,2024-09-25,2025-01-07,2
科学革命 ,1,201012046,2024-09-24,2024-09-25,2
科学革命的结构 ：新译精装版,1,201014115,2024-09-24,2024-12-02,2
科学革命的编史学研究,1,200988262,2024-09-24,2024-09-25,2
秘密结晶,1,200805263,2025-01-07,2025-05-20,2
积极心理诗学,1,201053796,2025-05-06,2025-06-06,2
穆夏：新艺术大师,1,200956304,2024-12-10,2024-12-11,2
穷人的理财经 ,1,200975472,2024-09-03,2024-12-24,2
空间的诗学,1,200879790,2024-11-04,2024-11-27,2
穿越非洲两百年 ,1,201056043,2024-09-04,2024-09-12,2
站城一体开发.II：TOD46的魅力,1,200898485,2025-06-03,2025-06-03,1
童话的心理分析,1,200860880,2024-09-23,2024-10-30,2
第二性 Ⅱ,1,200861638,2025-03-18,2025-04-08,2
等待戈多,1,200963350,2024-09-04,2024-09-04,1
K——英国情人,1,200962645,2024-09-02,2024-09-04,2
Languages: A Very Short Introduction,1,201312187,2025-01-10,2025-01-10,1
Lichtenstein,1,201320846,2024-12-10,2025-01-10,2
Life is Elsewhere,1,201311829,2024-09-04,2024-09-06,2
Literary Theory: A Very Short Introduction,1,201312757,2024-10-29,2025-01-03,2
Little Fires Everywhere(EXP),1,201300653,2024-10-21,2024-11-04,2
Lolly Willowes,1,201303295,2024-11-18,2025-03-24,2
How to Stay Sane in an Age of Division : From the Booker shortlisted author of 1 Minutes 38 Seconds in This Strange World,1,200690047,2025-04-03,2025-04-14,2
How to write about contemporary art,1,200671718,2024-11-08,2024-11-08,1
"Human, All Too Human",1,201313676,2024-11-25,2024-12-27,2
I have a dream,1,201007677,2025-02-20,2025-03-03,2
IB Biology Student Workbook,1,200033962,2024-09-20,2024-09-20,1
简爱,1,200884980,2025-02-20,2025-03-18,2
绝对笑喷之弃业医生日志 ,1,200887638,2025-04-16,2025-05-30,2
维塔 : 社会遗弃下的疯癫与文明,1,201028244,2025-03-21,2025-04-02,2
维特根斯坦与《逻辑哲学论》,1,200890321,2024-11-22,2025-02-17,2
维特根斯坦的维也纳,1,201000040,2024-11-07,2025-01-03,2
罗伯斯庇尔与法国大革命 ,1,201008391,2024-11-20,2024-11-20,1
罗生门,1,200877881,2024-09-06,2025-03-24,3
罗素 ,1,200856369,2024-11-22,2025-02-17,2
精选英汉汉英词典(第4版),1,Z0064962,2024-11-05,2024-11-05,2
索拉里斯星 ,1,200890946,2024-10-31,2025-01-10,2
红玫瑰与白玫瑰,1,200847441,2024-11-26,2025-05-21,2
纪录片也要讲故事,1,201058014,2025-01-09,2025-02-19,2
纯真年代,1,200857180,2024-11-05,2024-11-11,2
终极观星指南,1,200991515,2025-04-02,2025-04-14,2
"经济学原理, 微观经济学分册 ",1,200967481,2024-09-03,2025-04-22,3
经济学家都干了什么 ,1,200909874,2024-09-24,2024-09-25,2
经济学的世界 ,1,201024630,2025-01-09,2025-02-17,2
"Girl, woman, other",1,201310492,2025-02-21,2025-04-02,2
Go Set a Watchman,1,201301894,2024-10-09,2024-10-15,2
美学原理,1,200972901,2024-09-25,2024-09-25,2
美术与世界,1,200898644,2024-12-17,2025-01-09,2
美的历程,1,201042503,2024-09-14,2024-09-14,2
耶鲁极简科学史 ,1,200872261,2024-09-24,2024-09-25,2
聆听音乐,1,200915304,2024-09-25,2025-01-07,2
背德者,1,200814324,2025-03-18,2025-03-24,2
脑机穿越 : 脑机接口改变人类未来,1,200991855,2025-04-03,2025-06-06,2
脑研究的新大陆：一位德国工程师与一位中国科学家之间的对话,1,200880831,2025-04-25,2025-04-25,1
经济学的著名寓言 : 市场失灵的神话,1,200841401,2024-11-12,2024-11-12,1
经济学说与方法史论,1,200987012,2024-09-24,2024-09-25,2
经济用语图鉴,1,200779755,2024-12-19,2025-03-25,2
给青年人的哲学十二讲,1,200803791,2024-09-06,2024-11-06,2
给青年的二十七堂文学课,1,201046073,2024-10-25,2025-04-08,2
绝叫,1,200871495,2025-04-29,2025-06-05,2
舞!舞!舞!,1,200881849,2025-03-31,2025-04-22,2
色情,1,201053572,2024-11-26,2025-05-20,2
美丽与哀愁.3,1,200804610,2024-10-23,2025-04-22,2
美利坚的民族,1,200822459,2025-03-24,2025-04-11,2
美国史. 上册,1,200987272,2024-12-20,2025-03-03,2
IBDP中文A文学课程试卷(1)7分范文点评,1,Z0068864,2024-12-26,2025-05-22,3
IBDP中文A课程文学知识小辞典（简体版）,1,201503872,2025-02-17,2025-02-17,1
IBM和纳粹,1,200816242,2024-09-24,2025-01-10,2
IB中文A文学个人口试实例,1,201318127,2025-02-17,2025-06-06,2
INTRODUCTION TO TOPOLOGY,1,Z0063177,2024-12-26,2025-04-08,2
Ib Diploma Programme Biology 223 Edition Student Book,1,201315656,2024-11-22,2024-11-22,1
Ib Diploma Programme Chemistry 2023 Edition Study Guide,1,201319000,2024-11-27,2025-02-18,2
Identity,1,201308842,2024-09-14,2024-09-19,2
Further Mathematics further prob and stats,1,201502338,2025-01-08,2025-01-08,1
GAUGUIN,1,201311151,2024-12-23,2024-12-23,1
Game theory : a very short introduction,1,201324094,2024-09-12,2024-09-12,1
茨威格中短篇小说选·上,1,201021170,2024-09-04,2024-09-19,2
茶花女,1,200899803,2024-09-13,2024-10-18,2
荒原狼,1,200868221,2024-09-19,2024-09-23,2
荷马史诗·奥德赛,1,200831467,2024-09-03,2024-09-23,3
莎士比亚全集.5,1,200829559,2024-09-23,2024-10-08,2
莎士比亚悲剧喜剧全集·悲剧Ⅱ,1,200963243,2024-09-10,2024-10-08,2
莎士比亚植物志,1,201022320,2024-10-09,2024-10-16,2
莫言作品精选,1,Z0064882,2025-02-20,2025-05-30,2
莱特湾海战,1,200983089,2025-03-14,2025-05-20,2
菜根谭,1,200875222,2024-11-26,2024-12-09,2
自我决定的孤独：难以建立亲密感的社会 ,1,200933785,2024-10-17,2024-10-23,2
自杀论 ,1,200842972,2025-04-03,2025-04-03,2
自深深处,1,201015178,2025-04-28,2025-04-28,1
自然科学史,1,200959560,2024-09-24,2024-09-25,2
自由论,1,200821469,2025-03-19,2025-03-19,2
致死的疾病,1,201002716,2025-04-07,2025-04-21,2
Environmental Systems and Societies,1,200665495,2025-05-13,2025-05-29,2
Essays and Aphorisms,1,201313729,2024-11-25,2024-12-27,2
Exam Practice Workbook for Mathematics Analysis and Approaches HL,1,200676740,2024-09-03,2025-05-16,3
血与火 : 坦格利安王朝史. 第一卷 ,1,200976881,2025-01-10,2025-02-18,2
血清素,1,200881750,2025-02-26,2025-03-03,2
行为心理学,1,201048838,2025-05-16,2025-06-13,2
行者的迷宫,1,200987691,2024-09-30,2024-10-09,2
街头哲学,1,201046395,2024-09-05,2024-09-05,1
"被讨厌的勇气:""自我启发之父""阿德勒的哲学课",1,200426413,2025-05-28,2025-05-28,1
西方正典,1,201011109,2025-04-07,2025-04-07,2
西班牙史,1,200896156,2025-02-17,2025-03-11,2
艺术史的艺术,1,200861022,2024-09-11,2024-09-25,2
艺术哲学 ,1,201047410,2024-09-24,2025-05-22,2
芳华,1,201024248,2024-11-11,2024-11-11,1
苦炼,1,200924955,2024-10-25,2024-11-21,2
英国鸟类史,1,200984569,2025-04-24,2025-05-08,2
萨摩亚人的成年 ,1,200842570,2024-11-15,2024-12-26,2
葡萄柚,1,200977167,2025-02-24,2025-02-24,2
蒙田随笔集,1,200861763,2024-10-11,2024-10-11,2
薛定谔之猫,1,200960442,2024-09-03,2024-09-03,2
蝇王,1,200877408,2025-04-28,2025-05-07,2
HBRs 1 Must Reads on Strategy,1,201303035,2025-03-26,2025-03-26,2
"Hamilton : the revolution : being the complete libretto of the Broadway musical, with a true account of its creation, and concise remarks on hip-hop, the power of stories, and the new America",1,200420954,2024-11-08,2024-11-11,2
Hans Christian Andersen's Fairy Tales,1,201324922,2024-12-11,2025-01-06,2
Harry Potter and the Chamber of Secrets,1,200689647,2025-03-14,2025-03-27,2
Harry Potter and the Sorcerer's Stone,1,200689656,2025-03-07,2025-03-14,2
How We Live,1,201306666,2024-11-14,2025-01-08,2
How the Brain Works: The Facts Visually Explained,1,201325976,2024-09-04,2024-10-21,2
"How to Make Small Talk: Conversation Starters, Exercises, and Scenarios",1,201308003,2025-04-21,2025-05-19,2
Emma: V&A Collectors Edition,1,201302526,2025-03-14,2025-04-23,2
Emotional Design,1,201306504,2025-03-13,2025-03-26,2
Environment Systems and Societies 3rd Ed,1,201502971,2024-11-18,2025-05-26,2
贫穷的质感,1,200889592,2024-09-04,2025-01-08,2
赎罪,1,200877658,2024-09-05,2024-09-10,2
走出双相情感障碍,1,200874170,2024-10-14,2025-05-16,2
订书匠,1,201044770,2025-04-27,2025-04-29,2
许三观卖血记,1,200847389,2024-09-05,2024-09-23,2
许子东现代文学课,1,200976961,2025-04-16,2025-04-16,1
论灵魂,1,201066425,2025-05-20,2025-05-20,1
设计的细节 : 日本经典设计透析,1,200779791,2024-12-19,2025-03-25,2
诅咒之塔,1,200824199,2025-02-25,2025-02-26,2
试论疲倦,1,200920824,2024-09-02,2024-09-11,2
话说科学 ,1,200971724,2024-09-24,2024-09-25,2
语法修辞讲话,1,200922163,2024-11-18,2025-01-10,2
语言学,1,200856332,2024-09-09,2024-10-29,2
语言恶女：女性如何夺回语言,1,201065248,2025-04-01,2025-04-15,2
说谎心理学,1,201018923,2024-09-04,2024-09-10,2
营销管理,1,201050138,2024-09-12,2024-12-27,2
读脑术 ,1,201033988,2024-09-05,2024-09-24,2
谁动了我的奶酪．2，走出迷宫,1,200876800,2025-01-10,2025-03-14,2
谋杀启事,1,200836382,2024-09-13,2024-09-13,1
False Justice: Eight Myths that Convict the Innocent,1,201300289,2025-03-26,2025-05-13,2
Famous Last Words,1,200689335,2024-09-23,2025-06-06,2
Fantastic Beasts: The Crimes of Grindelwald – The Original Screenplay PB,1,200697665,2025-03-17,2025-03-24,2
Five Survive,1,200685892,2024-09-09,2025-03-26,3
Foundations Edge,1,200688951,2025-01-09,2025-03-03,2
Further Mathematics further mechanics,1,201502463,2025-01-08,2025-01-08,1
Comparative Literature: A Very Short Introduction,1,201312472,2024-09-20,2024-09-27,2
DP认识论课程学习指导,1,200668330,2024-09-09,2024-09-25,2
Dadaism,1,201321532,2024-12-10,2025-01-10,2
David and Goliath,1,200691064,2024-10-08,2024-12-11,2
货币幻觉,1,200834106,2024-10-24,2024-11-28,2
货币的购买力,1,200987628,2024-10-28,2024-12-12,2
贫穷的本质 ,1,200873965,2024-10-23,2024-12-11,2
道德动物,1,200848495,2024-12-02,2025-06-06,2
走近艺术史,1,201066452,2025-05-16,2025-05-16,1
趣味二战史,1,200980493,2024-09-04,2024-10-08,2
足球守门员圣经：必备技术、训练方法和实战应用,1,201035968,2024-09-19,2024-09-19,1
足球智商 ,1,200912815,2024-09-04,2024-09-29,2
足球规则与战术完全图解,1,201032747,2024-09-19,2024-09-19,1
跨越边界的社区：北京“浙江村”的生活史,1,200817205,2025-04-10,2025-05-14,2
转角遇见社会学,1,200974721,2025-04-16,2025-06-05,2
达摩流浪者,1,200872350,2025-05-13,2025-05-19,2
过往,1,200839860,2025-03-19,2025-03-19,1
运动营养全书：全彩图解版,1,201035218,2024-12-27,2025-05-28,2
运气的秘密,1,200941142,2025-05-22,2025-05-22,1
这就是哲学,1,200958507,2025-03-20,2025-04-11,2
这就是心理学,1,200958482,2024-09-24,2024-09-25,2
诺曼征服 : 黑斯廷斯战役与英格兰诺曼王朝的崛起,1,200835926,2025-03-04,2025-03-24,2
读水浒,1,200772510,2024-09-02,2024-09-02,2
量子之谜,1,200846255,2024-11-14,2024-12-09,2
量子矩阵,1,201036574,2024-09-04,2024-10-08,2
金枝 .上册,1,200842874,2025-03-13,2025-05-15,2
金银岛·化身博士,1,200878657,2025-03-28,2025-03-31,2
金阁寺,1,200996814,2024-09-26,2024-09-26,1
金陵十三钗 ,1,200507736,2025-04-08,2025-04-08,1
钢铁帝国 : 普鲁士的兴衰,1,201034040,2024-09-04,2025-02-17,2
钱学森传,1,201002878,2024-09-30,2024-10-08,2
这样读三国,1,200787210,2024-09-02,2024-09-02,2
违童之愿 ,1,200851033,2025-03-17,2025-03-25,2
连城决,1,201055311,2025-03-20,2025-04-24,2
连城诀 ,1,200850196,2024-09-29,2024-09-29,2
追忆逝水年华,1,200862110,2024-10-15,2024-10-17,2
送你一匹马,1,200862584,2024-09-05,2024-10-12,2
逆向创新 ,1,201029396,2024-09-13,2024-09-25,2
透明,1,200802471,2024-10-11,2024-11-25,2
阿拉伯人的梦想宫殿,1,200809161,2025-02-17,2025-04-09,2
阿特拉斯耸耸肩. 第三部，同一律,1,200989886,2024-09-04,2024-10-08,2
遥远的小屋,1,200975267,2024-09-12,2024-10-17,2
郁金香热,1,200822805,2024-09-06,2024-10-08,2
重口味心理学:怎样证明你不是神经病?:百万册纪念完整版,1,200863495,2024-10-10,2024-10-18,2
重症监护室的故事 ,1,201013731,2025-04-25,2025-04-25,1
"Do It Today: Overcome Procrastination, Improve Productivity, and Achieve More Meaningful Things",1,201503104,2025-01-09,2025-03-03,2
Dopamine Nation: Finding Balance in the Age of Indulgence,1,200691876,2024-09-10,2025-02-18,2
Dreams of a Final Theory: The Scientists Search for the Ultimate Laws of Nature,1,200687792,2025-01-10,2025-01-10,1
Dubliners,1,201302054,2025-05-23,2025-06-10,2
Duchamp,1,201320908,2024-12-10,2025-01-10,2
Biology for the IB Diploma,1,200030563,2024-09-02,2024-09-02,1
Biology for the IB Diploma Study and Revision Guide,1,200665226,2024-09-20,2024-09-20,1
Biology for the IB Diploma Workbook with CD-ROM,1,200357666,2024-09-03,2024-09-03,2
"Book of Laughter and Forgetting, The",1,200698076,2025-05-23,2025-06-10,2
Botero,1,201321729,2025-05-29,2025-06-04,2
Breaking dawn,1,200687122,2025-01-06,2025-02-17,2
Brief Answers to the Big Questions,1,201301741,2024-10-24,2024-12-30,2
Cambridge International AS &amp; A Level Further Mathematics Worked Solutions Manual with Cambridge Elevate Edition,1,201315308,2025-01-08,2025-01-08,1
Chemistry for the IB Diploma Coursebook with Digital Access (2 Years) [With Access Code],1,201500884,2025-05-20,2025-06-03,2
Chemistry for the Ib Diploma Workbook With CD-ROM,1,200402849,2024-09-03,2024-10-29,2
Children of Dune,1,200428563,2024-09-14,2024-09-14,1
Chocolat,1,201311231,2025-03-31,2025-04-11,2
All The Light We Cannot See,1,200695676,2024-12-10,2024-12-10,2
Alma Classics: Sense and Sensibility,1,201311838,2024-09-11,2024-10-14,2
Alma Classics:Tales of Horror,1,201323647,2024-12-27,2025-01-02,2
Among Others,1,201308717,2025-02-20,2025-02-20,1
Anna Karenina,1,200699208,2025-04-30,2025-05-30,2
Art : the definitive visual history,1,201324735,2025-01-03,2025-01-03,1
闪光的氰化物,1,200836569,2024-11-13,2024-12-17,2
阁楼上的疯女人 :女性作家与19世纪文学想象.上,1,200919444,2024-09-12,2024-11-22,2
阿勒泰的角落,1,200974222,2024-10-28,2024-11-04,2
骆驼祥子,1,201021072,2024-09-14,2024-10-15,2
5 Things to Do with a Penknife,1,201308799,2024-10-08,2024-10-10,2
55 Successful Harvard Law Essays （2nd Edition）,1,201307488,2024-10-24,2024-12-30,2
5分钟怪诞数学 : 那些看似不可能的生活真相,1,200932553,2025-03-31,2025-03-31,1
A Brief History of Time,1,201322130,2025-04-03,2025-05-19,2
A Tale of Two Cities,1,200696112,2025-01-07,2025-01-10,2
A Theory of Justice: Original Edition,1,200693044,2025-04-07,2025-04-16,2
鹿鼎记 .三,1,200850427,2024-11-07,2024-11-07,2
黄金时代,1,200847209,2024-10-24,2024-11-11,2
龙马史,1,200824368,2024-09-19,2024-09-20,2
24个比利,1,201033586,2024-09-11,2024-09-11,1
陈独秀全传,1,200824135,2024-09-14,2024-09-19,2
雾都孤儿,1,200862030,2025-04-30,2025-06-03,2
霍乱时期的爱情,1,200945825,2024-11-20,2025-06-03,2
Art Song in English: High Voice: 50 Songs by 21 American and British Composers,1,201504014,2025-03-11,2025-03-11,1
Artists : their lives and works,1,201321934,2024-11-12,2024-11-27,2
你会杀死那个胖子吗?一个关于对与错的哲学谜题,1,200833152,2024-10-12,2024-10-12,2
你在逃避什么,1,201035593,2024-11-20,2024-11-20,1
你的夏天还好吗？,1,201022213,2024-11-19,2025-01-09,2
A glossary of literary terms,1,200654087,2024-11-08,2024-11-08,1
A portrait of the artist as a young man,1,201307718,2024-09-26,2024-11-07,2
ABC谋杀案,1,200836710,2024-09-06,2024-09-30,2
AI经济,1,201025602,2024-10-24,2024-10-24,1
Accounting 11,1,201301260,2025-03-26,2025-03-26,2
Advice for a Young Investigator,1,201307674,2025-01-10,2025-01-10,1
鲁迅全集·第二卷,1,201039697,2024-10-08,2024-11-20,2
鲜血梅花,1,Z0070196,2025-02-20,2025-05-30,2
鸟类的天赋 ,1,200898430,2025-04-24,2025-05-21,2
饺子,1,200945353,2025-02-19,2025-03-18,2
香水,1,200880591,2024-11-06,2024-11-26,2
香水 : 气味的炼金术,1,200981278,2024-11-07,2024-12-23,2
马尾树,1,200923796,2024-11-20,2024-11-29,2
