ISBN,title,averageRating,ratingsCount,status_code,error
9787520107921,1453,,,200,
9787010130033,1844年经济学哲学手稿,,,200,
9787532765522,1973年的弹子球,,,200,
9787508691664,24个比利,,,200,
9787218155913,3000年人类迁徙史,,,200,
9781911216865,50 Things to Do with a Penknife,,,200,
9781250047236,55 Successful Harvard Law School Application Essays,,,200,
9787572208522,5分钟怪诞数学,,,200,
9781594483073,A Thousand Splendid Suns,,,200,
9781847496126,The Canterville Ghost and Other Stories,,,200,
9780553380163,A Brief History of Time,,,200,
9780785839835,A Tale of Two Cities,,,200,
9780674017726,A Theory of Justice,4,11,200,
9781285465067,A Glossary of Literary Terms,,,200,
9780143108245,A Portrait of the Artist as a Young Man,,,200,
9780060736262,A Tree Grows in Brooklyn,4,47,200,
9787513341790,ABC谋杀案,,,200,
9787213100970,AI 经济,,,200,
9781507202920,Accounting 101,,,200,
9780262681506,Advice for a Young Investigator,,,200,
