ISBN,douban_average,douban_votes,douban_url,douban_title,douban_source,status_code,error
9787520107921,9.1,1299,,,search,200,
9787010130033,9.6,2282,,,search,200,
9787532765522,7.7,1194,,,search,200,
9787508691664,8.2,4174,,,search,200,
9787218155913,8.0,166,,,search,200,
9787572208522,7.6,57,,,search,200,
9781594483073,8.9,128,,,search,200,
9780553380163,9.1,389,,,search,200,
9780785839835,9.1,10024,,,search,200,
9780674017726,9.0,53,,,search,200,
9781285465067,8.9,39,,,search,200,
9780143108245,8.7,1686,,,search,200,
9780060736262,9.0,451,,,search,200,
9787513341790,8.3,238,,,search,200,
9787213100970,6.7,75,,,search,200,
9780262681506,8.5,482,,,search,200,
9781501173219,8.5,1533,,,search,200,
9781847494849,8.3,860,,,search,200,
9781472106537,8.6,1207,,,search,200,
9780143036531,8.5,536,,,search,200,
9780140449174,9.5,99,,,search,200,
9780241629031,8.1,986,,,search,200,
9780553212587,8.7,667,,,search,200,
9780399588198,9.1,25037,,,search,200,
9780553211405,8.6,905,,,search,200,
9780553212976,8.4,16,,,search,200,
9780553213102,9.1,5506,,,search,200,
9780340980903,6.8,9592,,,search,200,
9780571174379,8.8,111,,,search,200,
9781907410512,8.1,1012,,,search,200,
9781473695993,8.5,2935,,,search,200,
9781912714278,7.4,629,,,search,200,
9780133917789,9.9,74,,,search,200,
9780593098240,7.9,45,,,search,200,
9780198807278,8.1,31,,,search,200,
9780241298961,6.7,175,,,search,200,
9780241410196,8.6,20,,,search,200,
9780393319286,7.4,44,,,search,200,
9781524746728,8.2,333,,,search,200,
9780679744085,8.8,15,,,search,200,
9781847496317,9.2,893,,,search,200,
9783836534321,9.3,13,,,search,200,
9780340960196,8.2,749,,,search,200,
9780441172719,8.2,749,,,search,200,
9781984854858,8.7,225026,,,search,200,
9780099511021,9.0,177,,,search,200,
9780753555644,8.6,851,,,search,200,
9780465051366,8.3,155,,,search,200,
9780140442274,8.7,16,,,search,200,
9780743477567,8.6,1401,,,search,200,
9780545835626,6.9,1746,,,search,200,
9780375811746,9.3,382,,,search,200,
9781529013245,8.5,50,,,search,200,
9780553293388,8.8,109,,,search,200,
9780061956270,7.8,40,,,search,200,
9780199218462,7.8,46,,,search,200,
9780241984994,8.3,45,,,search,200,
9781784755287,7.6,1804,,,search,200,
9781847493811,8.7,8995,,,search,200,
9781422157985,8.8,36,,,search,200,
9781455539741,9.1,1673,,,search,200,
9780141329017,9.3,144222,,,search,200,
9781408898154,9.3,4413,,,search,200,
9781408883808,9.2,17,,,search,200,
9781788165723,8.4,29,,,search,200,
9780500291573,8.4,70,,,search,200,
9780140446173,8.8,40,,,search,200,
9787568905220,8.6,1223,,,search,200,
9787218131559,7.5,107,,,search,200,
9780141398631,8.3,18,,,search,200,
9780141397078,7.6,32,,,search,200,
9780141442372,8.0,249,,,search,200,
9780199661268,8.8,86,,,search,200,
9787541144493,7.4,250,,,search,200,
9783836507462,8.4,39,,,search,200,
9780399533372,8.4,416,,,search,200,
9780395393918,8.9,32,,,search,200,
9781607747109,8.9,135,,,search,200,
9780199590599,6.9,18,,,search,200,
9783836532075,9.6,24,,,search,200,
9780571197774,8.6,145,,,search,200,
9780199691340,9.0,33,,,search,200,
9780735224315,8.2,18224,,,search,200,
9780316438520,9.3,29,,,search,200,
9780007350988,9.1,49,,,search,200,
9780375706851,8.6,232,,,search,200,
9780571258093,8.8,21917,,,search,200,
9781984822185,8.2,5801,,,search,200,
9780553384116,9.0,49,,,search,200,
9781399607773,8.1,11076,,,search,200,
9780307276476,7.9,33,,,search,200,
9780316266659,7.3,1769,,,search,200,
9780099589297,7.4,629,,,search,200,
9780140455120,9.0,52,,,search,200,
9780571224142,8.3,1333,,,search,200,
9780812996548,9.1,212,,,search,200,
9780241371961,8.8,175,,,search,200,
9780141036250,8.3,3430,,,search,200,
9780143106166,8.1,265,,,search,200,
9780198745587,9.4,30,,,search,200,
9787115546081,9.3,1598,,,search,200,
9780142414934,6.8,24,,,search,200,
9780141018904,8.6,271,,,search,200,
9780143134817,8.3,1683,,,search,200,
9780141329994,7.8,48,,,search,200,
9780062065988,8.7,473,,,search,200,
9781909621633,8.8,11542,,,search,200,
9781440567674,7.3,22,,,search,200,
9780593355275,9.1,1488,,,search,200,
9780593084496,7.5,1439,,,search,200,
9781844080380,8.7,149,,,search,200,
9780199651368,7.5,15,,,search,200,
9780446617680,7.5,552,,,search,200,
9780451530646,8.7,40,,,search,200,
9780451531797,8.9,34,,,search,200,
9780062015631,8.3,860,,,search,200,
9780553212419,9.5,1559,,,search,200,
9780553208849,9.0,767,,,search,200,
9780451531742,8.2,1405,,,search,200,
9780451530066,9.0,119,,,search,200,
9780451530660,8.0,30,,,search,200,
9780451530912,8.7,41,,,search,200,
9780451530882,9.0,61,,,search,200,
9780374530716,9.2,346,,,search,200,
9781305504912,9.9,107,,,search,200,
9781846143991,7.9,537,,,search,200,
9780393355628,9.2,917,,,search,200,
9781250255174,6.4,93,,,search,200,
9780062930484,6.2,14,,,search,200,
9780061148514,8.3,55,,,search,200,
9780143120452,7.5,1953,,,search,200,
9780812973815,8.4,78,,,search,200,
9781509827978,9.3,204,,,search,200,
9780345339683,8.8,108,,,search,200,
9780062023063,8.2,8824,,,search,200,
9780141321059,8.8,15663,,,search,200,
9781405930956,6.7,32,,,search,200,
9780552992046,8.5,4458,,,search,200,
9780563206651,9.8,426,,,search,200,
9780563207733,9.8,217,,,search,200,
9780552161275,8.3,214422,,,search,200,
9780575120723,8.3,1315,,,search,200,
9780553288100,9.0,855,,,search,200,
9781473202375,8.0,566,,,search,200,
9780198792963,7.8,494,,,search,200,
9780553062182,8.6,167,,,search,200,
9780140433937,9.9,32,,,search,200,
9781529034523,8.8,24249,,,search,200,
9780120884674,9.0,27,,,search,200,
9781840221862,9.8,18,,,search,200,
9781400079148,7.5,32457,,,search,200,
9781101905555,9.1,261,,,search,200,
9781785031137,9.0,1827,,,search,200,
9780141984742,7.9,247,,,search,200,
9781439168752,6.9,338,,,search,200,
9780141182216,9.5,27,,,search,200,
9780670919536,7.8,34,,,search,200,
9780785839972,9.0,2013,,,search,200,
9781853260155,8.9,495,,,search,200,
9780140166675,8.7,745,,,search,200,
9781474622578,8.5,81,,,search,200,
9780230768086,7.3,1201,,,search,200,
9780099475019,8.9,337,,,search,200,
9780571135394,8.7,20,,,search,200,
9780375714832,9.4,229,,,search,200,
9780099470434,7.8,15,,,search,200,
9780261103573,9.8,51,,,search,200,
9780261102217,8.9,623,,,search,200,
9780241015469,9.4,47,,,search,200,
9780762452385,9.1,1316,,,search,200,
9780785132974,7.5,49,,,search,200,
9781405391245,9.0,76,,,search,200,
9780571322732,9.1,222,,,search,200,
9780007488346,9.6,350,,,search,200,
9780140444254,9.2,167,,,search,200,
9780007488322,9.4,48,,,search,200,
9780141033570,9.1,497,,,search,200,
9781101911594,7.3,17,,,search,200,
9780141183411,9.3,209,,,search,200,
9781847494863,8.0,283,,,search,200,
9780345481030,7.4,32,,,search,200,
9780385496490,8.6,4861,,,search,200,
9781907410482,6.3,62,,,search,200,
9780751536140,8.1,628,,,search,200,
9781529080407,7.9,1524,,,search,200,
9780008324209,8.5,1628,,,search,200,
9781444785203,9.0,82,,,search,200,
9781840228014,8.7,8996,,,search,200,
9780241372081,9.1,9080,,,search,200,
9781526638540,7.6,1662,,,search,200,
9781472154668,8.8,24373,,,search,200,
9780008196288,7.6,1713,,,search,200,
9781626860568,8.3,1683,,,search,200,
9781853260209,8.5,1601,,,search,200,
9781853261589,9.2,2113,,,search,200,
9780140432442,9.5,82,,,search,200,
9780241197790,8.5,110,,,search,200,
9787550289215,8.1,353,,,search,200,
9787301297995,8.0,84,,,search,200,
9787535666031,8.6,1606,,,search,200,
9787208178311,9.0,24562,,,search,200,
9787208178335,8.0,6382,,,search,200,
9787536097261,9.0,33127,,,search,200,
9787536096608,8.8,437,,,search,200,
9787544292467,8.7,4098,,,search,200,
9787572225482,8.2,1664,,,search,200,
7532522768,7.2,398,,,search,200,
9787559823168,7.8,231,,,search,200,
9787101101621,9.1,15844,,,search,200,
9787532766642,9.2,6489,,,search,200,
9787101067316,9.5,3511,,,search,200,
9787020008728,9.3,183148,,,search,200,
9787229030933,9.2,295193,,,search,200,
9787533955663,8.0,524,,,search,200,
9787532773725,8.3,2031,,,search,200,
9787513332538,8.0,7035,,,search,200,
9787550733145,6.8,37,,,search,200,
9787571425517,9.0,15471,,,search,200,
9787559656797,8.9,875,,,search,200,
9787550267381,7.9,841,,,search,200,
9787521704495,6.8,403,,,search,200,
9787532789900,8.8,1453,,,search,200,
9787532766635,9.1,17069,,,search,200,
9787301247099,9.3,4506,,,search,200,
9787520156134,8.0,438,,,search,200,
9787111442585,9.0,5450,,,search,200,
9787513916387,7.9,1864,,,search,200,
9787201146171,7.3,30712,,,search,200,
9787551429993,7.2,170,,,search,200,
9787539999074,8.7,27122,,,search,200,
9787505743090,7.3,13,,,search,200,
9787111711612,8.4,48,,,search,200,
9787559664372,7.9,28,,,search,200,
9787559819628,7.9,1276,,,search,200,
9787301292761,8.4,125,,,search,200,
9787542678652,8.4,50785,,,search,200,
9787532782925,6.4,1870,,,search,200,
9787513335270,9.1,5300,,,search,200,
9787521716054,7.6,1393,,,search,200,
9787305242632,8.8,75,,,search,200,
9787301215692,9.3,16411,,,search,200,
9787208170698,8.3,127,,,search,200,
9787301216507,8.6,1391,,,search,200,
9787508674346,7.1,2931,,,search,200,
9787500173625,7.2,2884,,,search,200,
9787558027932,8.1,198,,,search,200,
9787307224520,8.7,179,,,search,200,
9787533951702,8.2,1869,,,search,200,
9787301272084,8.2,301,,,search,200,
9787532781089,8.1,4064,,,search,200,
9787100131940,7.7,3818,,,search,200,
9787505729117,9.1,175,,,search,200,
9787201183497,9.0,1682,,,search,200,
9787301174821,9.1,16917,,,search,200,
9787533962951,6.9,93,,,search,200,
9787532751273,9.5,1932,,,search,200,
9787513939072,8.3,16,,,search,200,
9787540487645,7.3,98717,,,search,200,
9787544771344,8.3,12245,,,search,200,
9787555913139,8.5,10687,,,search,200,
9787115246882,9.1,19949,,,search,200,
9787115471604,7.2,682,,,search,200,
9787559663283,8.2,413,,,search,200,
9787569520767,8.1,198,,,search,200,
9787213096471,6.3,188,,,search,200,
9787572208539,6.1,21,,,search,200,
9787557686642,6.8,135,,,search,200,
9787213096587,6.0,52,,,search,200,
9787213096648,7.4,151,,,search,200,
9787559200099,9.0,96,,,search,200,
9787220110931,6.7,70,,,search,200,
9787513353465,7.8,794,,,search,200,
9787300289601,7.5,72,,,search,200,
9787210082903,9.2,26355,,,search,200,
9787512694040,8.2,361,,,search,200,
9787564580070,7.7,23,,,search,200,
9787530215401,7.9,3870,,,search,200,
9787550289703,8.4,58,,,search,200,
9787301272961,6.6,238,,,search,200,
9787508699165,7.1,22,,,search,200,
9787515304717,6.0,17,,,search,200,
9787540491949,6.4,1773,,,search,200,
9787544758765,8.8,1991,,,search,200,
9787508649719,7.5,30973,,,search,200,
9787559656599,8.4,39,,,search,200,
9787301333686,8.7,27,,,search,200,
9787557021559,7.8,155,,,search,200,
9787532764778,8.6,3968,,,search,200,
9787542667076,8.2,1245,,,search,200,
9787513932905,7.1,408,,,search,200,
9787544765466,7.1,327,,,search,200,
9787509791127,8.3,479,,,search,200,
9787020142125,7.2,135,,,search,200,
9787108050519,8.0,229,,,search,200,
9787111464631,9.0,16,,,search,200,
9787532779529,6.3,4244,,,search,200,
9787509016114,7.1,933,,,search,200,
9787559414311,7.4,2360,,,search,200,
9787553524481,8.3,131,,,search,200,
9787300200811,7.4,1215,,,search,200,
9787115587848,7.5,317,,,search,200,
9787020171774,8.7,38069,,,search,200,
9787508666792,7.7,5497,,,search,200,
9787544295369,7.0,3874,,,search,200,
9787500865582,7.8,1056,,,search,200,
9787530218624,9.3,23885,,,search,200,
9787530217559,7.6,37124,,,search,200,
9787559203908,6.9,21,,,search,200,
9787559617293,9.3,1034,,,search,200,
9787530493885,9.3,1513,,,search,200,
9787532787319,9.0,1680,,,search,200,
9787303207695,8.8,1716,,,search,200,
9787540482961,8.1,189,,,search,200,
9787532786831,8.2,57691,,,search,200,
9787521213973,7.8,210,,,search,200,
9787122346032,8.8,87804,,,search,200,
9787559637222,8.6,299,,,search,200,
9787552008166,9.3,391,,,search,200,
9787540482848,6.4,321,,,search,200,
9787010131566,9.5,1754,,,search,200,
9787514513011,7.7,1607,,,search,200,
9787559851987,8.4,17426,,,search,200,
9787540482862,7.4,740,,,search,200,
9787515314099,6.5,18,,,search,200,
9787521715118,7.1,22,,,search,200,
9787565842740,8.9,440,,,search,200,
9787108065506,7.5,54,,,search,200,
9787100113786,8.0,17,,,search,200,
9787559664136,7.2,379,,,search,200,
9787210095002,8.8,6633,,,search,200,
9787547744581,9.1,2596,,,search,200,
9787545219531,7.7,2113,,,search,200,
9787521733266,7.8,141,,,search,200,
9787544792028,8.6,169,,,search,200,
9787521712032,7.8,3607,,,search,200,
9787550297746,7.3,371,,,search,200,
9787301094013,8.4,291,,,search,200,
9787532751457,9.5,80719,,,search,200,
9787532779079,9.2,83,,,search,200,
9787530213636,7.7,9035,,,search,200,
9787300188317,7.4,82,,,search,200,
9787508684918,7.3,1670,,,search,200,
9787559631909,7.3,245,,,search,200,
9787559633118,7.9,348,,,search,200,
9787513923224,7.0,818,,,search,200,
9787301114926,9.1,1587,,,search,200,
9787508691176,7.7,1465,,,search,200,
9787559416735,7.4,5623,,,search,200,
9787559847010,7.4,169,,,search,200,
9787532790036,8.1,2970,,,search,200,
9787559825315,7.0,328,,,search,200,
9787301218211,8.8,1604,,,search,200,
9787532787654,5.4,55,,,search,200,
9787532786992,8.1,48,,,search,200,
9787100208680,9.1,24,,,search,200,
9787544729710,8.3,918,,,search,200,
9787545821826,8.8,49,,,search,200,
9787569932478,6.3,24,,,search,200,
9787559835895,8.0,2316,,,search,200,
9787559676016,8.9,443,,,search,200,
9787545219753,9.0,19865,,,search,200,
9787530217306,8.5,1616,,,search,200,
9787532777280,8.3,606,,,search,200,
9787208157415,8.5,119,,,search,200,
9787559657015,7.4,152,,,search,200,
9787208152809,7.2,132,,,search,200,
9787530211458,9.3,9274,,,search,200,
9787532756964,8.7,1537,,,search,200,
9787115448385,9.1,655,,,search,200,
9787521715101,7.0,1305,,,search,200,
9787547817179,9.2,351,,,search,200,
9787508694375,7.5,1953,,,search,200,
9787100182386,8.9,411,,,search,200,
9787540486075,7.6,8005,,,search,200,
9787573502353,8.5,580,,,search,200,
9787532772520,8.6,534,,,search,200,
9787513580878,8.2,34,,,search,200,
9787549559886,9.1,28646,,,search,200,
9787301334713,8.9,78,,,search,200,
9787301275009,8.6,61,,,search,200,
9787101158687,9.8,915,,,search,200,
9787522813684,8.6,135,,,search,200,
9787521714296,7.0,25,,,search,200,
9787559857774,8.6,436,,,search,200,
9787020161140,8.1,1057,,,search,200,
9787305230677,8.8,2842,,,search,200,
9787020138081,9.1,320,,,search,200,
9787559652669,7.5,290,,,search,200,
9787532751198,8.3,1905,,,search,200,
9787544779319,8.6,32630,,,search,200,
9787532778355,8.5,107,,,search,200,
9787539938608,7.2,828,,,search,200,
9787500170969,7.2,624,,,search,200,
9787547739617,7.9,1254,,,search,200,
9787508671079,8.7,4350,,,search,200,
9787550242234,8.5,30322,,,search,200,
9787521717372,7.7,81,,,search,200,
9787100154710,8.4,1407,,,search,200,
9787020158584,9.1,190,,,search,200,
9787522803012,7.5,139,,,search,200,
9787101136364,9.3,39,,,search,200,
9787547311790,9.5,2857,,,search,200,
9787020136919,9.1,66,,,search,200,
9787535794437,8.2,74,,,search,200,
9787020127894,9.3,15658,,,search,200,
9787532765485,8.3,1977,,,search,200,
9787519015084,6.8,74,,,search,200,
9787552024494,9.3,367,,,search,200,
9787504699879,7.6,17,,,search,200,
9787558043901,8.2,1928,,,search,200,
9787500879701,6.6,28,,,search,200,
9787532780822,9.3,130,,,search,200,
9787550022829,8.2,240,,,search,200,
9787559660503,8.1,12201,,,search,200,
9787532740260,7.8,51177,,,search,200,
9787549513697,6.8,1215,,,search,200,
9787508683003,9.0,1656,,,search,200,
9787229117498,8.4,132,,,search,200,
9787532778140,9.3,556,,,search,200,
9787508680743,6.8,74,,,search,200,
9787500170952,6.8,60,,,search,200,
9787559407290,7.7,518,,,search,200,
9787229168629,8.8,132,,,search,200,
9787532751242,9.1,3637,,,search,200,
9787518814466,8.1,234,,,search,200,
9787544732871,7.2,193,,,search,200,
9787301272121,9.9,457,,,search,200,
9787540254308,8.9,226,,,search,200,
9787544784405,8.7,1286,,,search,200,
9787030609915,9.3,24,,,search,200,
9787535794611,8.3,231,,,search,200,
9787532752409,8.7,951,,,search,200,
9787544296274,7.2,55653,,,search,200,
9787513598255,8.7,34055,,,search,200,
9787559640918,8.3,792,,,search,200,
9787201116693,8.1,47778,,,search,200,
9787559654168,9.0,5345,,,search,200,
9787542669964,8.3,90445,,,search,200,
9787540493127,8.9,6880,,,search,200,
9787544788588,8.6,716,,,search,200,
9787115470294,8.8,1207,,,search,200,
9787513338134,7.1,18,,,search,200,
9787302498872,9.3,3760,,,search,200,
9787532790890,7.6,1711,,,search,200,
9787801871527,8.6,19931,,,search,200,
9787020126897,8.8,65,,,search,200,
9787559437372,8.9,5875,,,search,200,
9787201162638,8.8,920,,,search,200,
9787544299787,7.6,1275,,,search,200,
9787500092445,7.3,58,,,search,200,
9787020126972,7.5,64,,,search,200,
9787540237004,9.1,297,,,search,200,
9787020138074,8.8,54,,,search,200,
9787532788347,8.3,111,,,search,200,
9787302467052,9.4,41,,,search,200,
9787533964160,7.8,525,,,search,200,
9787559612236,7.5,2856,,,search,200,
9787532181759,8.0,813,,,search,200,
9787201154527,8.1,7461,,,search,200,
9787521749571,8.5,395,,,search,200,
9787229105457,8.4,782,,,search,200,
9787572502583,8.6,1878,,,search,200,
9787532789955,8.4,1768,,,search,200,
9787550287327,8.5,1714,,,search,200,
9787521743951,8.9,73,,,search,200,
9787559614452,7.6,2030,,,search,200,
9787542673831,8.2,327,,,search,200,
9787535691828,8.5,470,,,search,200,
9787544722292,8.9,17468,,,search,200,
9787571015923,6.8,65,,,search,200,
9787532763238,7.7,6815,,,search,200,
9787559843937,6.5,441,,,search,200,
9787513349369,9.0,85559,,,search,200,
9787521704815,7.4,1467,,,search,200,
9787555911425,7.6,38589,,,search,200,
9787108050984,9.0,1949,,,search,200,
9787559662347,8.2,1499,,,search,200,
9787532758012,8.4,15392,,,search,200,
9787108050960,9.3,2362,,,search,200,
9787559814487,9.4,977,,,search,200,
9787559610782,8.6,20484,,,search,200,
9787201140070,7.6,480,,,search,200,
9787572225789,8.2,1821,,,search,200,
9787540453190,7.0,6780,,,search,200,
9787300276311,9.1,299,,,search,200,
9787564237820,9.0,602,,,search,200,
9787301262788,7.7,52,,,search,200,
9787542670540,9.0,153,,,search,200,
9787513930826,9.0,113,,,search,200,
9787503971327,8.0,12,,,search,200,
9787539981635,7.3,13430,,,search,200,
9787208165212,9.0,188,,,search,200,
9787521727531,8.6,400,,,search,200,
9787532765492,8.4,1276,,,search,200,
9787221172310,8.6,170,,,search,200,
9787532757008,7.7,954,,,search,200,
9787532762897,8.9,56176,,,search,200,
9787506390507,9.0,15821,,,search,200,
9787508672960,8.0,11555,,,search,200,
9787020156894,8.8,1343,,,search,200,
9787521732962,6.7,176,,,search,200,
9787544729680,7.0,783,,,search,200,
9787532751471,9.1,272551,,,search,200,
9787532761760,9.1,83075,,,search,200,
9787020169283,9.1,115,,,search,200,
9787020169276,8.7,64,,,search,200,
9787020169290,8.6,55,,,search,200,
9787020166732,9.1,55,,,search,200,
9787020166718,8.9,50,,,search,200,
9787020166725,9.1,50,,,search,200,
9787544265027,8.3,6649,,,search,200,
9787540485337,8.3,61868,,,search,200,
9787508681832,8.3,257,,,search,200,
9787509016565,7.4,818,,,search,200,
9787111595816,8.9,362,,,search,200,
9787539989891,8.9,89121,,,search,200,
9787108056184,8.7,3391,,,search,200,
9787520150446,7.6,556,,,search,200,
9787020137404,8.6,26,,,search,200,
9787532752355,8.8,1708,,,search,200,
9787557026233,8.5,261,,,search,200,
9787301311929,6.6,49,,,search,200,
9787111626305,7.8,49,,,search,200,
9787544262705,7.6,12129,,,search,200,
9787557027476,8.3,269,,,search,200,
9787100187718,7.8,44,,,search,200,
9787544790208,7.0,46,,,search,200,
9787510892011,7.5,345,,,search,200,
9787530470954,8.1,181,,,search,200,
9787547737941,8.1,27869,,,search,200,
9787530221396,9.1,8747,,,search,200,
9787553520643,9.2,37264,,,search,200,
9787544281232,7.8,2939,,,search,200,
9787511740663,7.6,473,,,search,200,
9787520420105,7.3,96,,,search,200,
9787100118798,7.5,209,,,search,200,
9787532765690,8.3,1876,,,search,200,
9787302466659,8.6,40,,,search,200,
9787305249624,7.7,422,,,search,200,
9787108065490,7.6,80,,,search,200,
9787100176910,8.6,84,,,search,200,
9787511735034,8.4,46,,,search,200,
9787559664976,8.7,68,,,search,200,
9787807680284,6.7,13,,,search,200,
9787513565202,7.2,40,,,search,200,
9787111711544,8.0,21,,,search,200,
9787805018195,7.5,156,,,search,200,
9787532186198,8.9,1014,,,search,200,
9787100149914,9.3,87,,,search,200,
9787562490234,6.2,152,,,search,200,
9787508661766,8.5,11507,,,search,200,
9787020142187,9.6,39,,,search,200,
9787020142637,9.5,155,,,search,200,
9787544276207,7.9,18088,,,search,200,
9787532780693,8.6,998,,,search,200,
9787115500557,8.9,110,,,search,200,
9787030084699,9.4,291,,,search,200,
9787521723298,8.7,3253,,,search,200,
9787544286107,6.0,94,,,search,200,
9787559661586,8.8,107,,,search,200,
9787532775644,8.1,1013,,,search,200,
9787020175208,7.8,485,,,search,200,
9787508675534,8.1,21866,,,search,200,
9787108052742,8.6,224,,,search,200,
9787562494669,7.0,129,,,search,200,
9787519299118,8.1,142,,,search,200,
9787532168750,8.5,6945,,,search,200,
9787532180127,8.0,305,,,search,200,
9787559621436,7.8,21,,,search,200,
9787521745986,8.2,2451,,,search,200,
9787508633558,8.0,25044,,,search,200,
9787533941628,7.9,7087,,,search,200,
9787545910056,5.1,132,,,search,200,
9787530218723,8.6,5479,,,search,200,
9787508681436,7.4,674,,,search,200,
9787508680965,7.9,6497,,,search,200,
9787508680972,5.9,422,,,search,200,
9787508681481,6.7,398,,,search,200,
9787521711981,6.6,308,,,search,200,
9787532785520,8.8,332,,,search,200,
9787201112695,9.1,178623,,,search,200,
9787542872326,7.8,23,,,search,200,
9787115598561,7.1,90,,,search,200,
9787544292870,8.9,16263,,,search,200,
9787208178755,8.3,90,,,search,200,
9787521311532,8.0,27,,,search,200,
9787559457493,7.6,105,,,search,200,
9787555024941,7.5,1801,,,search,200,
9787532764082,7.1,305,,,search,200,
9787521700381,8.4,6966,,,search,200,
9787208138490,8.6,5426,,,search,200,
9787532172092,9.0,7613,,,search,200,
9787220109010,8.2,172,,,search,200,
9787576005127,7.7,103,,,search,200,
9787530223970,7.6,624,,,search,200,
9787573902740,8.1,143,,,search,200,
9787540478087,9.1,5322,,,search,200,
9787552706673,7.3,2353,,,search,200,
9787108051714,8.9,4397,,,search,200,
9787559651709,8.5,6983,,,search,200,
9787020128075,8.8,633,,,search,200,
9787543987135,7.9,768,,,search,200,
9787505755116,8.9,115,,,search,200,
9787509775899,7.8,1027,,,search,200,
9787100143288,8.5,493,,,search,200,
9787203107552,8.4,131,,,search,200,
9787020120130,8.8,139387,,,search,200,
9787533962418,7.6,2650,,,search,200,
9787519283698,7.8,150,,,search,200,
9787521717808,9.2,4578,,,search,200,
9787101085686,8.9,637,,,search,200,
9787570209392,7.8,14,,,search,200,
9787500171980,8.1,50,,,search,200,
9787559614636,9.2,422647,,,search,200,
9787521727258,7.2,855,,,search,200,
9787532582112,9.1,3513,,,search,200,
9787519306281,8.5,38,,,search,200,
9787300232317,8.1,162,,,search,200,
9787213087912,7.8,658,,,search,200,
9787532176953,8.3,35297,,,search,200,
9787522901213,7.5,100,,,search,200,
9787507551341,6.0,105,,,search,200,
9787559631282,9.1,223,,,search,200,
9787544294041,8.9,9135,,,search,200,
9787505755987,7.3,372,,,search,200,
9787520118156,8.2,663,,,search,200,
9787560898292,8.7,95,,,search,200,
9787020164257,8.8,1761,,,search,200,
9787300314990,7.8,16,,,search,200,
9787549620616,7.6,95,,,search,200,
9787557024833,7.2,434,,,search,200,
9787115527073,8.8,260,,,search,200,
9787115472342,9.1,2054,,,search,200,
9787544732819,8.3,1010,,,search,200,
9787544729826,8.1,651,,,search,200,
9787100131889,9.2,2701,,,search,200,
9787300311555,8.4,108,,,search,200,
9787201089560,9.3,6284,,,search,200,
9787305232848,7.2,152,,,search,200,
9787532788125,7.1,82,,,search,200,
9787559424020,8.6,425,,,search,200,
9787561755211,8.7,27,,,search,200,
9787544745239,8.8,1948,,,search,200,
9787535295330,8.5,139,,,search,200,
9787111479529,8.1,19,,,search,200,
9787559828804,8.8,14,,,search,200,
9787508679464,6.9,352,,,search,200,
9787559610942,8.3,64,,,search,200,
9787576004441,9.3,1256,,,search,200,
9787040401615,7.4,35,,,search,200,
9787301249987,9.3,286,,,search,200,
9787020164462,8.2,156,,,search,200,
9787213077272,8.9,2319,,,search,200,
9787544729666,8.6,3787,,,search,200,
9787555026006,8.2,1431,,,search,200,
9787564917876,8.7,1719,,,search,200,
9787100183352,7.3,47,,,search,200,
9787535676238,8.3,1521,,,search,200,
9787100168984,9.6,235,,,search,200,
9787532765515,8.1,1526,,,search,200,
9787521743920,7.5,418,,,search,200,
9787552029864,8.5,35,,,search,200,
9787100198981,9.0,38,,,search,200,
9787513335287,9.1,5305,,,search,200,
9787513338288,9.0,6917,,,search,200,
9787559433022,8.1,797,,,search,200,
9787544297905,6.6,9505,,,search,200,
9787559850850,6.8,81,,,search,200,
9787532766390,8.7,1535,,,search,200,
9787547743270,7.5,142,,,search,200,
9787512636217,9.1,83,,,search,200,
9787513938990,8.0,216,,,search,200,
9787542662019,7.6,2331,,,search,200,
9787507553192,5.8,67,,,search,200,
9787535794567,9.0,679,,,search,200,
9787532761371,9.0,2135,,,search,200,
9787535732309,8.9,65650,,,search,200,
9787559630148,6.2,33,,,search,200,
9787520130356,8.5,868,,,search,200,
9787532777150,9.4,22798,,,search,200,
9787533487379,8.0,3924,,,search,200,
9787559646859,8.4,508,,,search,200,
9787301225578,8.8,204,,,search,200,
9787115435590,9.6,1619,,,search,200,
9787100020862,9.2,3435,,,search,200,
9787508673219,6.6,676,,,search,200,
9787530221020,9.4,329,,,search,200,
9787513929172,8.4,398,,,search,200,
9787556709434,7.5,2243,,,search,200,
9787532749003,9.1,61835,,,search,200,
9787538754858,8.3,3612,,,search,200,
9787551134606,8.9,1515,,,search,200,
9787121364259,8.0,4978,,,search,200,
9787544762588,8.2,8993,,,search,200,
9787559614315,6.9,388,,,search,200,
9787544787932,7.8,2303,,,search,200,
9787111665977,9.5,433,,,search,200,
9787302532347,8.6,3830,,,search,200,
9787544766500,9.3,88816,,,search,200,
9787544722766,9.2,162598,,,search,200,
9787532772360,8.6,557,,,search,200,
9787569915006,7.3,450,,,search,200,
9787508674629,9.0,779,,,search,200,
9787521700930,8.9,810,,,search,200,
9787020142330,8.0,66,,,search,200,
9787229101442,8.8,79,,,search,200,
9787220126185,7.7,17,,,search,200,
9787533965617,7.3,825,,,search,200,
9787532787067,8.2,216,,,search,200,
9787208150188,8.9,838,,,search,200,
9787545562354,7.7,105,,,search,200,
9787544722803,9.1,71327,,,search,200,
9787549563517,8.7,3377,,,search,200,
9787513315111,7.3,1690,,,search,200,
9787554617069,8.2,3891,,,search,200,
9787539990583,9.1,1339,,,search,200,
9787533946647,9.2,44619,,,search,200,
9787533965679,7.6,235,,,search,200,
9787115560100,9.1,69,,,search,200,
9787547318621,8.0,130,,,search,200,
9787521731798,8.3,116,,,search,200,
9787521731422,7.8,109,,,search,200,
9787521731804,8.0,76,,,search,200,
9787208177994,7.5,36,,,search,200,
9787544793797,8.4,89,,,search,200,
9787553211213,8.6,106,,,search,200,
9787520121521,7.1,1386,,,search,200,
9787020124701,8.4,2405,,,search,200,
9787544294126,7.2,9952,,,search,200,
9787508664163,7.0,1906,,,search,200,
9787100167765,7.8,90,,,search,200,
9787229143510,7.9,59,,,search,200,
9787559403223,7.8,13704,,,search,200,
9787020157624,8.6,45,,,search,200,
9787532756728,9.1,69971,,,search,200,
9787538756388,8.8,62,,,search,200,
9787538756579,8.8,261,,,search,200,
9787544784689,7.8,671,,,search,200,
9787530220368,8.8,7935,,,search,200,
9787532789115,8.1,150,,,search,200,
9787544292443,8.6,15283,,,search,200,
9787538755961,7.6,11525,,,search,200,
9787544755054,7.6,673,,,search,200,
9787559631299,8.6,243,,,search,200,
9787513338110,8.5,210,,,search,200,
9787218156408,8.2,245,,,search,200,
9787532780686,7.9,1775,,,search,200,
9787532738151,7.8,78332,,,search,200,
9787108039873,8.9,4412,,,search,200,
9787510891779,8.7,7038,,,search,200,
9787210097143,8.1,13487,,,search,200,
9787530221280,9.1,43583,,,search,200,
9787568060134,8.4,40,,,search,200,
9787301293577,9.5,5183,,,search,200,
9787020104543,8.8,1880,,,search,200,
9787020151028,8.8,204,,,search,200,
9787100203715,9.3,192,,,search,200,
9787532752607,8.8,1224,,,search,200,
9787540482732,8.6,1275,,,search,200,
9787100213011,4.4,15,,,search,200,
9787532781584,9.0,27,,,search,200,
9787301323182,8.4,75,,,search,200,
9787532757459,9.1,9080,,,search,200,
9787547055564,6.9,23,,,search,200,
9787521735611,8.4,964,,,search,200,
9787115461476,8.4,1477,,,search,200,
9787508698359,7.6,797,,,search,200,
9787208170841,8.1,582,,,search,200,
9787513339414,8.6,19,,,search,200,
9787530221426,8.1,3344,,,search,200,
9787547743126,8.1,18303,,,search,200,
9787544384636,8.2,36473,,,search,200,
9787100167789,7.7,104,,,search,200,
9787532178995,7.4,93,,,search,200,
9787208072107,8.9,133999,,,search,200,
9787307207004,8.5,24877,,,search,200,
9787100202084,9.2,628,,,search,200,
9787530220252,8.7,2650,,,search,200,
9787508697086,7.7,15840,,,search,200,
9787532779901,7.9,6003,,,search,200,
9787508090108,9.4,260,,,search,200,
9787532964475,6.5,60,,,search,200,
9787550292505,6.8,3387,,,search,200,
9787550292512,6.7,246,,,search,200,
9787213094842,6.3,97,,,search,200,
9787550297715,7.0,174,,,search,200,
9787511560216,7.7,51,,,search,200,
9787511566355,7.8,50,,,search,200,
9787532778317,8.6,191,,,search,200,
9787510857720,8.1,4498,,,search,200,
9787532782130,8.6,1523,,,search,200,
9787515342634,7.0,1458,,,search,200,
9787100215220,7.8,585,,,search,200,
9787559436108,6.5,154,,,search,200,
9787530220245,6.5,436,,,search,200,
9787544775809,8.9,2196,,,search,200,
9787572604164,8.2,5687,,,search,200,
9787549506897,7.5,6060,,,search,200,
9787301311431,7.8,1980,,,search,200,
9787520191999,9.2,754,,,search,200,
9787532789252,7.7,767,,,search,200,
9787112119318,8.6,30,,,search,200,
9787535799715,9.4,755,,,search,200,
9787544781015,7.8,399,,,search,200,
9787544742382,8.2,2544,,,search,200,
9787534459030,8.7,340,,,search,200,
9787541163753,7.5,142,,,search,200,
9787121350214,6.2,21,,,search,200,
9787208107878,7.6,445,,,search,200,
9787534480775,8.8,250,,,search,200,
9787301302071,9.4,2518,,,search,200,
9787532757039,8.9,2499,,,search,200,
9787540790400,7.7,396,,,search,200,
9787533933906,8.6,1835,,,search,200,
9787100162586,8.4,31,,,search,200,
9787532768011,7.4,706,,,search,200,
9787568900478,8.3,168,,,search,200,
9787559857538,7.0,64,,,search,200,
9787208155022,8.8,464,,,search,200,
9787508686424,8.3,293,,,search,200,
9787543986275,7.5,17,,,search,200,
9787303271146,8.3,27,,,search,200,
9787301319444,8.0,25,,,search,200,
9787301243459,8.0,2789,,,search,200,
9787305217098,8.3,1499,,,search,200,
9787559840943,8.5,61,,,search,200,
9787020173686,7.7,1212,,,search,200,
9787108065575,9.0,4431,,,search,200,
9787572001727,7.5,43,,,search,200,
9787544291163,9.1,14932,,,search,200,
9787555910411,8.0,54,,,search,200,
9787544291170,9.5,30421,,,search,200,
9787547048290,7.0,178,,,search,200,
9787573008459,8.5,1284,,,search,200,
9787513340229,8.5,454,,,search,200,
9787513349611,9.1,23064,,,search,200,
9787549529322,9.6,466,,,search,200,
9787305261527,7.9,356,,,search,200,
9787544275606,7.9,13046,,,search,200,
9787301344477,9.2,171,,,search,200,
9787508696980,7.5,1946,,,search,200,
9787108057259,8.5,632,,,search,200,
9787544729727,7.5,705,,,search,200,
9787532182640,8.9,335,,,search,200,
9787115410047,9.3,2004,,,search,200,
9787567599703,8.7,2818,,,search,200,
9787300312590,7.2,120,,,search,200,
9787302547778,8.8,119,,,search,200,
9787030458889,8.4,57,,,search,200,
9787545162387,7.5,11,,,search,200,
9787546200705,9.2,1531,,,search,200,
9787111430810,9.6,135,,,search,200,
9787532752522,8.1,555,,,search,200,
9787539951331,8.1,11076,,,search,200,
9787111649687,9.3,629,,,search,200,
9787108072788,7.4,30,,,search,200,
9787229131548,8.3,5434,,,search,200,
9787568918626,9.2,1037,,,search,200,
9787559640666,9.0,147677,,,search,200,
9787224138122,7.5,289,,,search,200,
9787810836074,8.7,482,,,search,200,
9787108066787,7.7,72,,,search,200,
9787544732765,8.8,1676,,,search,200,
9787100133104,8.7,139,,,search,200,
9787308225854,8.5,181,,,search,200,
9787535798374,8.4,692,,,search,200,
9787544745185,8.8,1025,,,search,200,
9787301330661,9.1,958,,,search,200,
9787100211642,9.7,143,,,search,200,
9787544258210,8.0,34926,,,search,200,
9787532791231,7.3,370,,,search,200,
9787530222362,7.2,635,,,search,200,
9787559633620,8.7,440,,,search,200,
9787547312230,6.0,18,,,search,200,
9787532761913,8.7,2142,,,search,200,
9787545553918,8.1,2215,,,search,200,
9787201141527,7.4,63913,,,search,200,
9787568287500,7.9,87,,,search,200,
9787559111760,8.9,109,,,search,200,
9787108070777,6.6,44,,,search,200,
9787570210817,9.4,5606,,,search,200,
9787532788446,8.9,21,,,search,200,
9787513321259,6.6,2286,,,search,200,
9787532763399,9.0,10273,,,search,200,
9787532749676,9.4,7982,,,search,200,
9787572605826,8.5,1615,,,search,200,
9787532778119,8.7,403,,,search,200,
9787111407010,9.3,1572,,,search,200,
9787532783618,8.4,523,,,search,200,
9787111543428,8.5,54,,,search,200,
9787210104339,7.6,1622,,,search,200,
9787111661665,8.8,132,,,search,200,
9787010125916,9.4,952,,,search,200,
9787542858658,8.0,34,,,search,200,
9787521731460,7.7,7757,,,search,200,
9787541160868,8.1,151976,,,search,200,
9787507551570,7.4,57,,,search,200,
9787544782173,8.5,33298,,,search,200,
9787201108186,8.6,11920,,,search,200,
9787020137466,8.8,32,,,search,200,
9787532751228,8.6,2848,,,search,200,
9787530218617,9.0,13828,,,search,200,
9787550250024,7.2,306,,,search,200,
9787559617712,7.6,935,,,search,200,
9787532773459,8.3,1683,,,search,200,
