借阅日期,借阅次数,借阅时间,操作类型
2024-09-04,1,2024-09-04 16:59:07,['外借']
2024-09-06,0,2024-09-06 07:33:43,['归还']
2024-09-23,1,2024-09-23 14:29:40,['外借']
2024-10-01,1,2024-10-01 15:37:20,['续借']
2024-11-12,1,2024-11-12 12:23:59,['外借']
2024-11-19,1,2024-11-19 12:09:00,"['归还', '外借']"
2024-11-25,1,2024-11-25 12:20:36,['外借']
2024-12-17,1,2024-12-17 10:25:24,['续借']
2024-12-24,1,2024-12-24 11:39:06,"['归还', '外借']"
2025-01-03,0,2025-01-03 09:37:00,['归还']
2025-02-19,0,2025-02-19 11:14:22,['归还']
2025-03-13,0,2025-03-13 17:21:30,['归还']
